"ID","名称","分类","魔法类别","声明自动化","实际路径","法术委托","动作数","资源池数"
"srd-5.1:equipment:dnd5e-longsword","长剑","equipment","","","装备或被动数值","","0","0"
"srd-5.1:equipment:dnd5e-greataxe","巨斧","equipment","","","装备或被动数值","","0","0"
"srd-5.1:equipment:dnd5e-rapier","刺剑","equipment","","","装备或被动数值","","0","0"
"srd-5.1:equipment:dnd5e-mace","硬头锤","equipment","","","装备或被动数值","","0","0"
"srd-5.1:equipment:dnd5e-scimitar","弯刀","equipment","","","装备或被动数值","","0","0"
"srd-5.1:equipment:dnd5e-shortsword","短剑","equipment","","","装备或被动数值","","0","0"
"srd-5.1:equipment:dnd5e-quarterstaff","长棍","equipment","","","装备或被动数值","","0","0"
"srd-5.1:equipment:dnd5e-light-crossbow","轻弩","equipment","","","装备或被动数值","","0","0"
"srd-5.1:equipment:dnd5e-longbow","长弓","equipment","","","装备或被动数值","","0","0"
"srd-5.1:equipment:dnd5e-dagger","匕首","equipment","","","装备或被动数值","","0","0"
"srd-5.1:equipment:dnd5e-club","短棒","equipment","","","装备或被动数值","","0","0"
"srd-5.1:equipment:dnd5e-greatclub","大棒","equipment","","","装备或被动数值","","0","0"
"srd-5.1:equipment:dnd5e-handaxe","手斧","equipment","","","装备或被动数值","","0","0"
"srd-5.1:equipment:dnd5e-javelin","标枪","equipment","","","装备或被动数值","","0","0"
"srd-5.1:equipment:dnd5e-light-hammer","轻锤","equipment","","","装备或被动数值","","0","0"
"srd-5.1:equipment:dnd5e-sickle","镰刀","equipment","","","装备或被动数值","","0","0"
"srd-5.1:equipment:dnd5e-spear","矛","equipment","","","装备或被动数值","","0","0"
"srd-5.1:equipment:dnd5e-dart","飞镖","equipment","","","装备或被动数值","","0","0"
"srd-5.1:equipment:dnd5e-shortbow","短弓","equipment","","","装备或被动数值","","0","0"
"srd-5.1:equipment:dnd5e-sling","投石索","equipment","","","装备或被动数值","","0","0"
"srd-5.1:equipment:dnd5e-warhammer","战锤","equipment","","","装备或被动数值","","0","0"
"srd-5.1:equipment:dnd5e-greatsword","巨剑","equipment","","","装备或被动数值","","0","0"
"srd-5.1:equipment:dnd5e-battleaxe","战斧","equipment","","","装备或被动数值","","0","0"
"srd-5.1:equipment:dnd5e-flail","连枷","equipment","","","装备或被动数值","","0","0"
"srd-5.1:equipment:dnd5e-glaive","长柄刀","equipment","","","装备或被动数值","","0","0"
"srd-5.1:equipment:dnd5e-halberd","戟","equipment","","","装备或被动数值","","0","0"
"srd-5.1:equipment:dnd5e-lance","骑枪","equipment","","","装备或被动数值","","0","0"
"srd-5.1:equipment:dnd5e-maul","巨锤","equipment","","","装备或被动数值","","0","0"
"srd-5.1:equipment:dnd5e-morningstar","钉头锤","equipment","","","装备或被动数值","","0","0"
"srd-5.1:equipment:dnd5e-pike","长枪","equipment","","","装备或被动数值","","0","0"
"srd-5.1:equipment:dnd5e-trident","三叉戟","equipment","","","装备或被动数值","","0","0"
"srd-5.1:equipment:dnd5e-war-pick","战镐","equipment","","","装备或被动数值","","0","0"
"srd-5.1:equipment:dnd5e-whip","长鞭","equipment","","","装备或被动数值","","0","0"
"srd-5.1:equipment:dnd5e-blowgun","吹箭筒","equipment","","","装备或被动数值","","0","0"
"srd-5.1:equipment:dnd5e-hand-crossbow","手弩","equipment","","","装备或被动数值","","0","0"
"srd-5.1:equipment:dnd5e-heavy-crossbow","重弩","equipment","","","装备或被动数值","","0","0"
"srd-5.1:equipment:dnd5e-net","捕网","equipment","","","装备或被动数值","","0","0"
"srd-5.1:equipment:dnd5e-scimitar-offhand","弯刀","equipment","","","装备或被动数值","","0","0"
"srd-5.1:equipment:dnd5e-shortsword-offhand","短剑","equipment","","","装备或被动数值","","0","0"
"srd-5.1:equipment:dnd5e-dagger-offhand","匕首","equipment","","","装备或被动数值","","0","0"
"srd-5.1:equipment:dnd5e-handaxe-offhand","手斧","equipment","","","装备或被动数值","","0","0"
"srd-5.1:equipment:dnd5e-shield","盾牌","equipment","","","装备或被动数值","","0","0"
"srd-5.1:equipment:dnd5e-chain-mail","链甲","equipment","","","装备或被动数值","","0","0"
"srd-5.1:equipment:dnd5e-scale-mail","鳞甲","equipment","","","装备或被动数值","","0","0"
"srd-5.1:equipment:dnd5e-leather-armor","皮甲","equipment","","","装备或被动数值","","0","0"
"srd-5.1:item:backpack","背包","container","","","无主动战斗声明","","0","0"
"srd-5.1:item:bedroll","铺盖","adventuring-gear","","","无主动战斗声明","","0","0"
"srd-5.1:item:rope-hempen-50-feet","麻绳（50 尺）","adventuring-gear","","","无主动战斗声明","","0","0"
"srd-5.1:item:torch","火把","adventuring-gear","","","消耗后记录DM裁定","","1","0"
"srd-5.1:item:tinderbox","火绒盒","tool","","","消耗后记录DM裁定","","1","0"
"srd-5.1:item:waterskin","水袋","container","","","无主动战斗声明","","0","0"
"srd-5.1:item:rations-one-day","口粮（1 日）","consumable","","","消耗后记录DM裁定","","1","0"
"srd-5.1:item:mess-kit","餐具组","adventuring-gear","","","无主动战斗声明","","0","0"
"srd-5.1:item:crowbar","撬棍","adventuring-gear","","","无主动战斗声明","","0","0"
"srd-5.1:item:hammer","锤子","adventuring-gear","","","无主动战斗声明","","0","0"
"srd-5.1:item:piton","岩钉","adventuring-gear","","","无主动战斗声明","","0","0"
"srd-5.1:item:candle","蜡烛","adventuring-gear","","","无主动战斗声明","","0","0"
"srd-5.1:item:string-10-feet","细绳（10 尺）","adventuring-gear","","","无主动战斗声明","","0","0"
"srd-5.1:item:bell","铃铛","adventuring-gear","","","无主动战斗声明","","0","0"
"srd-5.1:item:hooded-lantern","附盖提灯","adventuring-gear","","","无主动战斗声明","","0","0"
"srd-5.1:item:lamp","油灯","adventuring-gear","","","无主动战斗声明","","0","0"
"srd-5.1:item:oil-flask","油（瓶）","consumable","","","无主动战斗声明","","0","0"
"srd-5.1:item:chest","箱子","container","","","无主动战斗声明","","0","0"
"srd-5.1:item:map-scroll-case","地图或卷轴匣","container","","","无主动战斗声明","","0","0"
"srd-5.1:item:fine-clothes","优质服装","adventuring-gear","","","无主动战斗声明","","0","0"
"srd-5.1:item:common-clothes","普通服装","adventuring-gear","","","无主动战斗声明","","0","0"
"srd-5.1:item:ink-bottle","墨水（1 盎司瓶）","adventuring-gear","","","无主动战斗声明","","0","0"
"srd-5.1:item:ink-pen","墨水笔","adventuring-gear","","","无主动战斗声明","","0","0"
"srd-5.1:item:paper-sheet","纸张","adventuring-gear","","","无主动战斗声明","","0","0"
"srd-5.1:item:parchment-sheet","羊皮纸","adventuring-gear","","","无主动战斗声明","","0","0"
"srd-5.1:item:perfume-vial","香水（小瓶）","adventuring-gear","","","无主动战斗声明","","0","0"
"srd-5.1:item:sealing-wax","封蜡","adventuring-gear","","","无主动战斗声明","","0","0"
"srd-5.1:item:soap","肥皂","adventuring-gear","","","无主动战斗声明","","0","0"
"srd-5.1:item:costume","戏服","adventuring-gear","","","无主动战斗声明","","0","0"
"srd-5.1:item:disguise-kit","易容工具","tool","","","无主动战斗声明","","0","0"
"srd-5.1:item:blanket","毛毯","adventuring-gear","","","无主动战斗声明","","0","0"
"srd-5.1:item:alms-box","布施盒","container","","","无主动战斗声明","","0","0"
"srd-5.1:item:incense-block","熏香块","adventuring-gear","","","无主动战斗声明","","0","0"
"srd-5.1:item:censer","香炉","adventuring-gear","","","无主动战斗声明","","0","0"
"srd-5.1:item:vestments","祭服","adventuring-gear","","","无主动战斗声明","","0","0"
"srd-5.1:item:lore-book","学识书籍","adventuring-gear","","","无主动战斗声明","","0","0"
"srd-5.1:item:sand-bag","小袋沙","adventuring-gear","","","无主动战斗声明","","0","0"
"srd-5.1:item:small-knife","小刀","adventuring-gear","","","无主动战斗声明","","0","0"
"srd-5.1:item:arrows","箭","adventuring-gear","","","无主动战斗声明","","0","0"
"srd-5.1:item:crossbow-bolts","弩矢","adventuring-gear","","","无主动战斗声明","","0","0"
"srd-5.1:item:sling-bullets","投石索弹丸","adventuring-gear","","","无主动战斗声明","","0","0"
"srd-5.1:item:blowgun-needles","吹箭针","adventuring-gear","","","无主动战斗声明","","0","0"
"srd-5.1:item:component-pouch","材料包","container","","","无主动战斗声明","","0","0"
"srd-5.1:item:arcane-focus","奥术法器","adventuring-gear","","","无主动战斗声明","","0","0"
"srd-5.1:item:druidic-focus","德鲁伊法器","adventuring-gear","","","无主动战斗声明","","0","0"
"srd-5.1:item:holy-symbol","圣徽","adventuring-gear","","","无主动战斗声明","","0","0"
"srd-5.1:item:spellbook","法术书","adventuring-gear","","","无主动战斗声明","","0","0"
"srd-5.1:item:thieves-tools","盗贼工具","tool","","","无主动战斗声明","","0","0"
"srd-5.1:item:bagpipes","风笛","tool","","","无主动战斗声明","","0","0"
"srd-5.1:item:drum","鼓","tool","","","无主动战斗声明","","0","0"
"srd-5.1:item:dulcimer","扬琴","tool","","","无主动战斗声明","","0","0"
"srd-5.1:item:lute","鲁特琴","tool","","","无主动战斗声明","","0","0"
"srd-5.1:item:flute","长笛","tool","","","无主动战斗声明","","0","0"
"srd-5.1:item:horn","号角","tool","","","无主动战斗声明","","0","0"
"srd-5.1:item:lyre","里拉琴","tool","","","无主动战斗声明","","0","0"
"srd-5.1:item:pan-flute","排箫","tool","","","无主动战斗声明","","0","0"
"srd-5.1:item:shawm","肖姆管","tool","","","无主动战斗声明","","0","0"
"srd-5.1:item:viol","维奥尔琴","tool","","","无主动战斗声明","","0","0"
"srd-5.1:item:prayer-book","祈祷书","adventuring-gear","","","无主动战斗声明","","0","0"
"srd-5.1:item:prayer-wheel","经轮","adventuring-gear","","","无主动战斗声明","","0","0"
"srd-5.1:item:coin-pouch-15gp","钱袋（15 gp）","container","","","无主动战斗声明","","0","0"
"srd-5.1:item:healers-kit","医疗包","tool","","","稳定濒死目标","","1","0"
"srd-5.1:item:ball-bearings-bag","滚珠（袋装）","consumable","","","地图区域规则","","1","0"
"srd-5.1:item:caltrops-bag","铁蒺藜（袋装）","consumable","","","地图区域规则","","1","0"
"srd-5.1:item:hunting-trap","捕猎陷阱","adventuring-gear","","","地图区域规则","","1","0"
"srd-5.1:item:acid-vial","强酸（瓶）","consumable","","","消耗后记录DM裁定","","1","0"
"srd-5.1:item:alchemists-fire-flask","炼金火焰（瓶）","consumable","","","消耗后记录DM裁定","","1","0"
"srd-5.1:item:holy-water-flask","圣水（瓶）","consumable","","","消耗后记录DM裁定","","1","0"
"srd-5.1:item:antitoxin-vial","抗毒剂（瓶）","consumable","","","Headless持续效果","","1","0"
"srd-5.1:item:basic-poison-vial","基础毒药（瓶）","consumable","","","消耗后记录DM裁定","","1","0"
"srd-5.1:item:potion-of-healing","治疗药水","consumable","potion","headless","Headless统一治疗","","1","0"
"srd-5.1:item:goodberry","神莓","consumable","","","Headless统一治疗","","1","0"
"srd-5.1:item:conjured-food-portion","魔法生成的食物（1 人日份）","consumable","","","消耗后记录DM裁定","","1","0"
"srd-5.1:item:conjured-water-gallon","魔法生成的清水（1 加仑）","consumable","","","消耗后记录DM裁定","","1","0"
"srd-5.1:item:gold-dust-25gp","金粉（25 gp）","consumable","","","无主动战斗声明","","0","0"
"srd-5.1:item:platinum-miniature-sword-250gp","铂金微型剑（250 gp）","adventuring-gear","","","无主动战斗声明","","0","0"
"srd-5.1:item:marked-divination-tokens-25gp","特制占卜信物（25 gp）","adventuring-gear","","","无主动战斗声明","","0","0"
"srd-5.1:item:agate-1000gp","玛瑙（1,000 gp）","consumable","","","无主动战斗声明","","0","0"
"srd-5.1:item:black-onyx-150gp","黑玛瑙（150 gp）","adventuring-gear","","","无主动战斗声明","","0","0"
"srd-5.1:item:grave-dirt-clay-pot","墓土陶罐","adventuring-gear","","","无主动战斗声明","","0","0"
"srd-5.1:item:brackish-water-clay-pot","微咸水陶罐","adventuring-gear","","","无主动战斗声明","","0","0"
"srd-5.1:item:black-pearl-powder-500gp","黑珍珠粉末（500 gp）","adventuring-gear","","","无主动战斗声明","","0","0"
"srd-5.1:item:clairvoyance-focus-100gp","锐眼/锐耳术法器（100 gp）","adventuring-gear","","","无主动战斗声明","","0","0"
"srd-5.1:item:contingency-statuette-1500gp","应急术自塑像（1,500 gp）","adventuring-gear","","","无主动战斗声明","","0","0"
"srd-5.1:item:diamond-100gp","钻石（100 gp）","adventuring-gear","","","无主动战斗声明","","0","0"
"srd-5.1:item:diamond-300gp","钻石（300 gp）","consumable","","","无主动战斗声明","","0","0"
"srd-5.1:item:diamond-500gp","钻石（500 gp）","consumable","","","无主动战斗声明","","0","0"
"srd-5.1:item:diamond-1000gp","钻石（1,000 gp）","consumable","","","无主动战斗声明","","0","0"
"srd-5.1:item:diamond-5000gp","钻石（5,000 gp）","adventuring-gear","","","无主动战斗声明","","0","0"
"srd-5.1:item:diamond-25000gp","钻石（25,000 gp）","consumable","","","无主动战斗声明","","0","0"
"srd-5.1:item:diamond-dust-25gp","钻石粉末（25 gp）","consumable","","","无主动战斗声明","","0","0"
"srd-5.1:item:diamond-dust-100gp","钻石粉末（100 gp）","consumable","","","无主动战斗声明","","0","0"
"srd-5.1:item:diamond-dust-200gp","钻石粉末（200 gp）","consumable","","","无主动战斗声明","","0","0"
"srd-5.1:item:religious-offering-25gp","信仰祭品与熏香（25 gp）","consumable","","","无主动战斗声明","","0","0"
"srd-5.1:item:familiar-incense-mixture-10gp","魔宠仪式熏香混合物（10 gp）","consumable","","","无主动战斗声明","","0","0"
"srd-5.1:item:ruby-dust-50gp","红宝石粉末（50 gp）","consumable","","","无主动战斗声明","","0","0"
"srd-5.1:item:ruby-dust-1000gp","红宝石粉末（1,000 gp）","adventuring-gear","","","无主动战斗声明","","0","0"
"srd-5.1:item:ruby-dust-1500gp","红宝石粉末（1,500 gp）","adventuring-gear","","","无主动战斗声明","","0","0"
"srd-5.1:item:sacred-incense-oils-1000gp","圣化草药、油膏与熏香（1,000 gp）","consumable","","","无主动战斗声明","","0","0"
"srd-5.1:item:jeweled-bowl-1000gp","镶宝石的碗（1,000 gp）","consumable","","","无主动战斗声明","","0","0"
"srd-5.1:item:holy-reliquary-1000gp","装有圣物的微型圣物匣（1,000 gp）","adventuring-gear","","","无主动战斗声明","","0","0"
"srd-5.1:item:silver-rod-10gp","小银棒（10 gp）","adventuring-gear","","","无主动战斗声明","","0","0"
"srd-5.1:item:pearl-100gp","珍珠（100 gp）","adventuring-gear","","","无主动战斗声明","","0","0"
"srd-5.1:item:leaded-ink-10gp","含铅墨水（10 gp）","consumable","","","无主动战斗声明","","0","0"
"srd-5.1:item:sapphire-1000gp","蓝宝石（1,000 gp）","adventuring-gear","","","无主动战斗声明","","0","0"
"srd-5.1:item:legend-lore-incense-250gp","通晓传奇熏香（250 gp）","consumable","","","无主动战斗声明","","0","0"
"srd-5.1:item:ivory-strip-50gp","象牙片（50 gp）","adventuring-gear","","","无主动战斗声明","","0","0"
"srd-5.1:item:silver-iron-powder-dose","银粉与铁粉（一份）","consumable","","","无主动战斗声明","","0","0"
"srd-5.1:item:silver-iron-powder-100gp","银粉与铁粉（100 gp）","consumable","","","无主动战斗声明","","0","0"
"srd-5.1:item:ornamental-container-500gp","装饰性灵魂容器（500 gp）","adventuring-gear","","","无主动战斗声明","","0","0"
"srd-5.1:item:jade-dust-10gp","翡翠粉末（10 gp）","consumable","","","无主动战斗声明","","0","0"
"srd-5.1:item:ivory-portal-5gp","象牙微型门户（5 gp）","adventuring-gear","","","无主动战斗声明","","0","0"
"srd-5.1:item:polished-marble-5gp","抛光大理石（5 gp）","adventuring-gear","","","无主动战斗声明","","0","0"
"srd-5.1:item:silver-spoon-5gp","微型银匙（5 gp）","adventuring-gear","","","无主动战斗声明","","0","0"
"srd-5.1:item:jewel-1000gp","珠宝（1,000 gp）","consumable","","","无主动战斗声明","","0","0"
"srd-5.1:item:tuned-forked-rod-250gp","位面调谐叉状金属棒（250 gp）","adventuring-gear","","","无主动战斗声明","","0","0"
"srd-5.1:item:jade-powder-25gp","玉粉（25 gp）","adventuring-gear","","","无主动战斗声明","","0","0"
"srd-5.1:item:caster-replica-5gp","施法者小型复制品（5 gp）","adventuring-gear","","","无主动战斗声明","","0","0"
"srd-5.1:item:rare-oils-1000gp","稀有油膏（1,000 gp）","consumable","","","无主动战斗声明","","0","0"
"srd-5.1:item:scrying-focus-1000gp","探知术法器（1,000 gp）","adventuring-gear","","","无主动战斗声明","","0","0"
"srd-5.1:item:secret-chest-5000gp","秘法箱（5,000 gp）","adventuring-gear","","","无主动战斗声明","","0","0"
"srd-5.1:item:secret-chest-replica-50gp","秘法箱微型复制品（50 gp）","adventuring-gear","","","无主动战斗声明","","0","0"
"srd-5.1:item:mixed-gem-dust-5000gp","四色宝石粉末（5,000 gp）","consumable","","","无主动战斗声明","","0","0"
"srd-5.1:item:jade-circlet-1500gp","玉石头环（1,500 gp）","adventuring-gear","","","无主动战斗声明","","0","0"
"srd-5.1:item:symbol-powders-1000gp","徽记术宝石粉末（1,000 gp）","consumable","","","无主动战斗声明","","0","0"
"srd-5.1:item:teleportation-chalk-ink-50gp","传送法阵粉笔与墨水（50 gp）","consumable","","","无主动战斗声明","","0","0"
"srd-5.1:item:truesight-ointment-25gp","真知术眼膏（25 gp）","consumable","","","无主动战斗声明","","0","0"
"srd-5.1:item:platinum-ring-50gp","铂金戒指（50 gp）","adventuring-gear","","","无主动战斗声明","","0","0"
"srd-5.1:item:imprisonment-mithral-orb-500gp","禁锢术秘银球价值份额（500 gp）","adventuring-gear","","","无主动战斗声明","","0","0"
"srd-5.1:item:imprisonment-precious-chain-500gp","禁锢术贵金属锁链价值份额（500 gp）","adventuring-gear","","","无主动战斗声明","","0","0"
"srd-5.1:item:imprisonment-jade-prison-500gp","禁锢术玉石监牢价值份额（500 gp）","adventuring-gear","","","无主动战斗声明","","0","0"
"srd-5.1:item:imprisonment-transparent-gem-500gp","禁锢术透明宝石价值份额（500 gp）","adventuring-gear","","","无主动战斗声明","","0","0"
"srd-5.1:item:imprisonment-soporific-herbs-500gp","禁锢术催眠草药价值份额（500 gp）","adventuring-gear","","","无主动战斗声明","","0","0"
"srd-5.1:magic-item:armor-of-resistance-dnd5e-chain-mail-acid","强酸抗性链甲","magic-item","armor","headless","装备或被动数值","","0","0"
"srd-5.1:magic-item:armor-of-resistance-dnd5e-chain-mail-cold","寒冷抗性链甲","magic-item","armor","headless","装备或被动数值","","0","0"
"srd-5.1:magic-item:armor-of-resistance-dnd5e-chain-mail-fire","火焰抗性链甲","magic-item","armor","headless","装备或被动数值","","0","0"
"srd-5.1:magic-item:armor-of-resistance-dnd5e-chain-mail-force","力场抗性链甲","magic-item","armor","headless","装备或被动数值","","0","0"
"srd-5.1:magic-item:armor-of-resistance-dnd5e-chain-mail-lightning","闪电抗性链甲","magic-item","armor","headless","装备或被动数值","","0","0"
"srd-5.1:magic-item:armor-of-resistance-dnd5e-chain-mail-necrotic","黯蚀抗性链甲","magic-item","armor","headless","装备或被动数值","","0","0"
"srd-5.1:magic-item:armor-of-resistance-dnd5e-chain-mail-poison","毒素抗性链甲","magic-item","armor","headless","装备或被动数值","","0","0"
"srd-5.1:magic-item:armor-of-resistance-dnd5e-chain-mail-psychic","心灵抗性链甲","magic-item","armor","headless","装备或被动数值","","0","0"
"srd-5.1:magic-item:armor-of-resistance-dnd5e-chain-mail-radiant","光耀抗性链甲","magic-item","armor","headless","装备或被动数值","","0","0"
"srd-5.1:magic-item:armor-of-resistance-dnd5e-chain-mail-thunder","雷鸣抗性链甲","magic-item","armor","headless","装备或被动数值","","0","0"
"srd-5.1:magic-item:armor-of-resistance-dnd5e-scale-mail-acid","强酸抗性鳞甲","magic-item","armor","headless","装备或被动数值","","0","0"
"srd-5.1:magic-item:armor-of-resistance-dnd5e-scale-mail-cold","寒冷抗性鳞甲","magic-item","armor","headless","装备或被动数值","","0","0"
"srd-5.1:magic-item:armor-of-resistance-dnd5e-scale-mail-fire","火焰抗性鳞甲","magic-item","armor","headless","装备或被动数值","","0","0"
"srd-5.1:magic-item:armor-of-resistance-dnd5e-scale-mail-force","力场抗性鳞甲","magic-item","armor","headless","装备或被动数值","","0","0"
"srd-5.1:magic-item:armor-of-resistance-dnd5e-scale-mail-lightning","闪电抗性鳞甲","magic-item","armor","headless","装备或被动数值","","0","0"
"srd-5.1:magic-item:armor-of-resistance-dnd5e-scale-mail-necrotic","黯蚀抗性鳞甲","magic-item","armor","headless","装备或被动数值","","0","0"
"srd-5.1:magic-item:armor-of-resistance-dnd5e-scale-mail-poison","毒素抗性鳞甲","magic-item","armor","headless","装备或被动数值","","0","0"
"srd-5.1:magic-item:armor-of-resistance-dnd5e-scale-mail-psychic","心灵抗性鳞甲","magic-item","armor","headless","装备或被动数值","","0","0"
"srd-5.1:magic-item:armor-of-resistance-dnd5e-scale-mail-radiant","光耀抗性鳞甲","magic-item","armor","headless","装备或被动数值","","0","0"
"srd-5.1:magic-item:armor-of-resistance-dnd5e-scale-mail-thunder","雷鸣抗性鳞甲","magic-item","armor","headless","装备或被动数值","","0","0"
"srd-5.1:magic-item:armor-of-resistance-dnd5e-leather-armor-acid","强酸抗性皮甲","magic-item","armor","headless","装备或被动数值","","0","0"
"srd-5.1:magic-item:armor-of-resistance-dnd5e-leather-armor-cold","寒冷抗性皮甲","magic-item","armor","headless","装备或被动数值","","0","0"
"srd-5.1:magic-item:armor-of-resistance-dnd5e-leather-armor-fire","火焰抗性皮甲","magic-item","armor","headless","装备或被动数值","","0","0"
"srd-5.1:magic-item:armor-of-resistance-dnd5e-leather-armor-force","力场抗性皮甲","magic-item","armor","headless","装备或被动数值","","0","0"
"srd-5.1:magic-item:armor-of-resistance-dnd5e-leather-armor-lightning","闪电抗性皮甲","magic-item","armor","headless","装备或被动数值","","0","0"
"srd-5.1:magic-item:armor-of-resistance-dnd5e-leather-armor-necrotic","黯蚀抗性皮甲","magic-item","armor","headless","装备或被动数值","","0","0"
"srd-5.1:magic-item:armor-of-resistance-dnd5e-leather-armor-poison","毒素抗性皮甲","magic-item","armor","headless","装备或被动数值","","0","0"
"srd-5.1:magic-item:armor-of-resistance-dnd5e-leather-armor-psychic","心灵抗性皮甲","magic-item","armor","headless","装备或被动数值","","0","0"
"srd-5.1:magic-item:armor-of-resistance-dnd5e-leather-armor-radiant","光耀抗性皮甲","magic-item","armor","headless","装备或被动数值","","0","0"
"srd-5.1:magic-item:armor-of-resistance-dnd5e-leather-armor-thunder","雷鸣抗性皮甲","magic-item","armor","headless","装备或被动数值","","0","0"
"srd-5.1:magic-item:ring-of-resistance-acid","强酸抗性戒指","magic-item","ring","headless","装备或被动数值","","0","0"
"srd-5.1:magic-item:potion-of-resistance-acid","强酸抗性药水","consumable","potion","headless","Headless持续效果","","1","0"
"srd-5.1:magic-item:ring-of-resistance-cold","寒冷抗性戒指","magic-item","ring","headless","装备或被动数值","","0","0"
"srd-5.1:magic-item:potion-of-resistance-cold","寒冷抗性药水","consumable","potion","headless","Headless持续效果","","1","0"
"srd-5.1:magic-item:ring-of-resistance-fire","火焰抗性戒指","magic-item","ring","headless","装备或被动数值","","0","0"
"srd-5.1:magic-item:potion-of-resistance-fire","火焰抗性药水","consumable","potion","headless","Headless持续效果","","1","0"
"srd-5.1:magic-item:ring-of-resistance-force","力场抗性戒指","magic-item","ring","headless","装备或被动数值","","0","0"
"srd-5.1:magic-item:potion-of-resistance-force","力场抗性药水","consumable","potion","headless","Headless持续效果","","1","0"
"srd-5.1:magic-item:ring-of-resistance-lightning","闪电抗性戒指","magic-item","ring","headless","装备或被动数值","","0","0"
"srd-5.1:magic-item:potion-of-resistance-lightning","闪电抗性药水","consumable","potion","headless","Headless持续效果","","1","0"
"srd-5.1:magic-item:ring-of-resistance-necrotic","黯蚀抗性戒指","magic-item","ring","headless","装备或被动数值","","0","0"
"srd-5.1:magic-item:potion-of-resistance-necrotic","黯蚀抗性药水","consumable","potion","headless","Headless持续效果","","1","0"
"srd-5.1:magic-item:ring-of-resistance-poison","毒素抗性戒指","magic-item","ring","headless","装备或被动数值","","0","0"
"srd-5.1:magic-item:potion-of-resistance-poison","毒素抗性药水","consumable","potion","headless","Headless持续效果","","1","0"
"srd-5.1:magic-item:ring-of-resistance-psychic","心灵抗性戒指","magic-item","ring","headless","装备或被动数值","","0","0"
"srd-5.1:magic-item:potion-of-resistance-psychic","心灵抗性药水","consumable","potion","headless","Headless持续效果","","1","0"
"srd-5.1:magic-item:ring-of-resistance-radiant","光耀抗性戒指","magic-item","ring","headless","装备或被动数值","","0","0"
"srd-5.1:magic-item:potion-of-resistance-radiant","光耀抗性药水","consumable","potion","headless","Headless持续效果","","1","0"
"srd-5.1:magic-item:ring-of-resistance-thunder","雷鸣抗性戒指","magic-item","ring","headless","装备或被动数值","","0","0"
"srd-5.1:magic-item:potion-of-resistance-thunder","雷鸣抗性药水","consumable","potion","headless","Headless持续效果","","1","0"
"srd-5.1:magic-item:adamantine-armor","精金护甲","magic-item","armor","dm-adjudication","魔法道具无执行声明","","0","0"
"srd-5.1:magic-item:ammunition","+1、+2 或 +3 弹药","magic-item","ammunition","dm-adjudication","魔法道具无执行声明","","0","0"
"srd-5.1:magic-item:amulet-of-health","健康护符","magic-item","wondrous-item","dm-adjudication","魔法道具无执行声明","","0","0"
"srd-5.1:magic-item:amulet-of-proof-against-detection-and-location","防侦测与定位护符","magic-item","wondrous-item","dm-adjudication","魔法道具无执行声明","","0","0"
"srd-5.1:magic-item:amulet-of-the-planes","位面护符","magic-item","wondrous-item","dm-adjudication","消耗后记录DM裁定","","1","0"
"srd-5.1:magic-item:animated-shield","活化盾","magic-item","armor","dm-adjudication","魔法道具无执行声明","","0","0"
"srd-5.1:magic-item:apparatus-of-the-crab","巨蟹装置","magic-item","wondrous-item","dm-adjudication","魔法道具无执行声明","","0","0"
"srd-5.1:magic-item:armor-of-invulnerability","无敌护甲","magic-item","armor","dm-adjudication","魔法道具无执行声明","","0","0"
"srd-5.1:magic-item:armor-of-resistance","抗性护甲","magic-item","armor","dm-adjudication","魔法道具无执行声明","","0","0"
"srd-5.1:magic-item:armor-of-vulnerability","易伤护甲","magic-item","armor","dm-adjudication","魔法道具无执行声明","","0","0"
"srd-5.1:magic-item:arrow-catching-shield","吸箭盾","magic-item","armor","dm-adjudication","魔法道具无执行声明","","0","0"
"srd-5.1:magic-item:arrow-of-slaying","屠戮之箭","magic-item","ammunition","dm-adjudication","魔法道具无执行声明","","0","0"
"srd-5.1:magic-item:bag-of-beans","魔豆袋","magic-item","wondrous-item","dm-adjudication","魔法道具无执行声明","","0","0"
"srd-5.1:magic-item:bag-of-devouring","吞噬袋","magic-item","wondrous-item","dm-adjudication","魔法道具无执行声明","","0","0"
"srd-5.1:magic-item:bag-of-holding","次元袋","magic-item","wondrous-item","dm-adjudication","魔法道具无执行声明","","0","0"
"srd-5.1:magic-item:bag-of-tricks","戏法袋","magic-item","wondrous-item","dm-adjudication","魔法道具无执行声明","","0","0"
"srd-5.1:magic-item:bead-of-force","力场珠","magic-item","wondrous-item","dm-adjudication","魔法道具无执行声明","","0","0"
"srd-5.1:magic-item:belt-of-dwarvenkind","矮人腰带","magic-item","wondrous-item","dm-adjudication","魔法道具无执行声明","","0","0"
"srd-5.1:magic-item:belt-of-giant-strength","巨人力量腰带","magic-item","wondrous-item","dm-adjudication","魔法道具无执行声明","","0","0"
"srd-5.1:magic-item:berserker-axe","狂战斧","magic-item","weapon","dm-adjudication","魔法道具无执行声明","","0","0"
"srd-5.1:magic-item:boots-of-elvenkind","精灵靴","magic-item","wondrous-item","dm-adjudication","魔法道具无执行声明","","0","0"
"srd-5.1:magic-item:boots-of-levitation","浮空靴","magic-item","wondrous-item","dm-adjudication","魔法道具无执行声明","","0","0"
"srd-5.1:magic-item:boots-of-speed","速度之靴","magic-item","wondrous-item","dm-adjudication","魔法道具无执行声明","","0","0"
"srd-5.1:magic-item:boots-of-striding-and-springing","大步奔跃之靴","magic-item","wondrous-item","dm-adjudication","魔法道具无执行声明","","0","0"
"srd-5.1:magic-item:boots-of-the-winterlands","冬境之靴","magic-item","wondrous-item","dm-adjudication","魔法道具无执行声明","","0","0"
"srd-5.1:magic-item:bowl-of-commanding-water-elementals","控水元素之碗","magic-item","wondrous-item","dm-adjudication","魔法道具无执行声明","","0","0"
"srd-5.1:magic-item:bracers-of-archery","箭术护腕","magic-item","wondrous-item","dm-adjudication","魔法道具无执行声明","","0","0"
"srd-5.1:magic-item:bracers-of-defense","防御护腕","magic-item","wondrous-item","dm-adjudication","魔法道具无执行声明","","0","0"
"srd-5.1:magic-item:brazier-of-commanding-fire-elementals","控火元素火盆","magic-item","wondrous-item","dm-adjudication","魔法道具无执行声明","","0","0"
"srd-5.1:magic-item:brooch-of-shielding","屏障胸针","magic-item","wondrous-item","dm-adjudication","魔法道具无执行声明","","0","0"
"srd-5.1:magic-item:broom-of-flying","飞行扫帚","magic-item","wondrous-item","dm-adjudication","魔法道具无执行声明","","0","0"
"srd-5.1:magic-item:candle-of-invocation","祈神蜡烛","magic-item","wondrous-item","dm-adjudication","魔法道具无执行声明","","0","0"
"srd-5.1:magic-item:cape-of-the-mountebank","江湖骗子斗篷","magic-item","wondrous-item","dm-adjudication","魔法道具无执行声明","","0","0"
"srd-5.1:magic-item:carpet-of-flying","飞毯","magic-item","wondrous-item","dm-adjudication","魔法道具无执行声明","","0","0"
"srd-5.1:magic-item:censer-of-controlling-air-elementals","控气元素香炉","magic-item","wondrous-item","dm-adjudication","魔法道具无执行声明","","0","0"
"srd-5.1:magic-item:chime-of-opening","开门钟琴","magic-item","wondrous-item","dm-adjudication","魔法道具无执行声明","","0","0"
"srd-5.1:magic-item:circlet-of-blasting","爆破头环","magic-item","wondrous-item","headless","委托法术链路","scorching-ray:spell-attack","1","1"
"srd-5.1:magic-item:cloak-of-arachnida","蛛行斗篷","magic-item","wondrous-item","dm-adjudication","魔法道具无执行声明","","0","0"
"srd-5.1:magic-item:cloak-of-displacement","移位斗篷","magic-item","wondrous-item","dm-adjudication","魔法道具无执行声明","","0","0"
"srd-5.1:magic-item:cloak-of-elvenkind","精灵斗篷","magic-item","wondrous-item","dm-adjudication","魔法道具无执行声明","","0","0"
"srd-5.1:magic-item:cloak-of-protection","防护斗篷","magic-item","wondrous-item","dm-adjudication","魔法道具无执行声明","","0","0"
"srd-5.1:magic-item:cloak-of-the-bat","蝙蝠斗篷","magic-item","wondrous-item","dm-adjudication","魔法道具无执行声明","","0","0"
"srd-5.1:magic-item:cloak-of-the-manta-ray","蝠鲼斗篷","magic-item","wondrous-item","dm-adjudication","魔法道具无执行声明","","0","0"
"srd-5.1:magic-item:crystal-ball","水晶球","magic-item","wondrous-item","dm-adjudication","魔法道具无执行声明","","0","0"
"srd-5.1:magic-item:cube-of-force","力场魔方","magic-item","wondrous-item","dm-adjudication","魔法道具无执行声明","","0","0"
"srd-5.1:magic-item:cubic-gate","位面门方块","magic-item","wondrous-item","dm-adjudication","魔法道具无执行声明","","0","0"
"srd-5.1:magic-item:dagger-of-venom","剧毒匕首","magic-item","weapon","dm-adjudication","魔法道具无执行声明","","0","0"
"srd-5.1:magic-item:dancing-sword","舞空剑","magic-item","weapon","dm-adjudication","魔法道具无执行声明","","0","0"
"srd-5.1:magic-item:decanter-of-endless-water","无尽水瓶","magic-item","wondrous-item","dm-adjudication","魔法道具无执行声明","","0","0"
"srd-5.1:magic-item:deck-of-illusions","幻象牌组","magic-item","wondrous-item","dm-adjudication","魔法道具无执行声明","","0","0"
"srd-5.1:magic-item:deck-of-many-things","万象无常牌","magic-item","wondrous-item","dm-adjudication","魔法道具无执行声明","","0","0"
"srd-5.1:magic-item:defender","卫士之剑","magic-item","weapon","dm-adjudication","魔法道具无执行声明","","0","0"
"srd-5.1:magic-item:demon-armor","恶魔护甲","magic-item","armor","dm-adjudication","魔法道具无执行声明","","0","0"
"srd-5.1:magic-item:dimensional-shackles","次元镣铐","magic-item","wondrous-item","dm-adjudication","魔法道具无执行声明","","0","0"
"srd-5.1:magic-item:dragon-scale-mail","龙鳞甲","magic-item","armor","dm-adjudication","魔法道具无执行声明","","0","0"
"srd-5.1:magic-item:dragon-slayer","屠龙武器","magic-item","weapon","dm-adjudication","魔法道具无执行声明","","0","0"
"srd-5.1:magic-item:dust-of-disappearance","隐形粉","magic-item","wondrous-item","dm-adjudication","魔法道具无执行声明","","0","0"
"srd-5.1:magic-item:dust-of-dryness","干燥粉","magic-item","wondrous-item","dm-adjudication","魔法道具无执行声明","","0","0"
"srd-5.1:magic-item:dust-of-sneezing-and-choking","喷嚏窒息粉","magic-item","wondrous-item","dm-adjudication","魔法道具无执行声明","","0","0"
"srd-5.1:magic-item:dwarven-plate","矮人板甲","magic-item","armor","dm-adjudication","魔法道具无执行声明","","0","0"
"srd-5.1:magic-item:dwarven-thrower","矮人投锤","magic-item","weapon","dm-adjudication","魔法道具无执行声明","","0","0"
"srd-5.1:magic-item:efficient-quiver","高效箭袋","magic-item","wondrous-item","dm-adjudication","魔法道具无执行声明","","0","0"
"srd-5.1:magic-item:efreeti-bottle","火巨灵之瓶","magic-item","wondrous-item","dm-adjudication","魔法道具无执行声明","","0","0"
"srd-5.1:magic-item:elemental-gem","元素宝石","magic-item","wondrous-item","dm-adjudication","魔法道具无执行声明","","0","0"
"srd-5.1:magic-item:elven-chain","精灵链甲","magic-item","armor","dm-adjudication","魔法道具无执行声明","","0","0"
"srd-5.1:magic-item:eversmoking-bottle","永烟瓶","magic-item","wondrous-item","dm-adjudication","魔法道具无执行声明","","0","0"
"srd-5.1:magic-item:eyes-of-charming","魅惑之眼","magic-item","wondrous-item","dm-adjudication","魔法道具无执行声明","","0","0"
"srd-5.1:magic-item:eyes-of-minute-seeing","微观之眼","magic-item","wondrous-item","dm-adjudication","魔法道具无执行声明","","0","0"
"srd-5.1:magic-item:eyes-of-the-eagle","鹰眼镜","magic-item","wondrous-item","dm-adjudication","魔法道具无执行声明","","0","0"
"srd-5.1:magic-item:feather-token","羽毛徽记","magic-item","wondrous-item","dm-adjudication","魔法道具无执行声明","","0","0"
"srd-5.1:magic-item:figurine-of-wondrous-power","奇物塑像","magic-item","wondrous-item","dm-adjudication","魔法道具无执行声明","","0","0"
"srd-5.1:magic-item:flame-tongue","焰舌武器","magic-item","weapon","dm-adjudication","魔法道具无执行声明","","0","0"
"srd-5.1:magic-item:folding-boat","折叠船","magic-item","wondrous-item","dm-adjudication","魔法道具无执行声明","","0","0"
"srd-5.1:magic-item:frost-brand","霜铭武器","magic-item","weapon","dm-adjudication","魔法道具无执行声明","","0","0"
"srd-5.1:magic-item:gauntlets-of-ogre-power","食人魔力量护手","magic-item","wondrous-item","dm-adjudication","魔法道具无执行声明","","0","0"
"srd-5.1:magic-item:gem-of-brightness","光明宝石","magic-item","wondrous-item","dm-adjudication","魔法道具无执行声明","","0","0"
"srd-5.1:magic-item:gem-of-seeing","真视宝石","magic-item","wondrous-item","dm-adjudication","魔法道具无执行声明","","0","0"
"srd-5.1:magic-item:giant-slayer","巨人杀手","magic-item","weapon","dm-adjudication","魔法道具无执行声明","","0","0"
"srd-5.1:magic-item:glamoured-studded-leather-armor","魅影镶钉皮甲","magic-item","armor","dm-adjudication","魔法道具无执行声明","","0","0"
"srd-5.1:magic-item:gloves-of-missile-snaring","飞弹诱捕手套","magic-item","wondrous-item","dm-adjudication","魔法道具无执行声明","","0","0"
"srd-5.1:magic-item:gloves-of-swimming-and-climbing","游泳攀爬手套","magic-item","wondrous-item","dm-adjudication","魔法道具无执行声明","","0","0"
"srd-5.1:magic-item:goggles-of-night","夜视镜","magic-item","wondrous-item","dm-adjudication","魔法道具无执行声明","","0","0"
"srd-5.1:magic-item:hammer-of-thunderbolts","雷霆之锤","magic-item","weapon","dm-adjudication","魔法道具无执行声明","","0","0"
"srd-5.1:magic-item:handy-haversack","便利背包","magic-item","wondrous-item","dm-adjudication","魔法道具无执行声明","","0","0"
"srd-5.1:magic-item:hat-of-disguise","易容帽","magic-item","wondrous-item","dm-adjudication","魔法道具无执行声明","","0","0"
"srd-5.1:magic-item:headband-of-intellect","智力头带","magic-item","wondrous-item","dm-adjudication","魔法道具无执行声明","","0","0"
"srd-5.1:magic-item:helm-of-brilliance","辉煌头盔","magic-item","wondrous-item","dm-adjudication","魔法道具无执行声明","","0","0"
"srd-5.1:magic-item:helm-of-comprehending-languages","通晓语言头盔","magic-item","wondrous-item","dm-adjudication","魔法道具无执行声明","","0","0"
"srd-5.1:magic-item:helm-of-telepathy","心灵感应头盔","magic-item","wondrous-item","dm-adjudication","魔法道具无执行声明","","0","0"
"srd-5.1:magic-item:helm-of-teleportation","传送头盔","magic-item","wondrous-item","dm-adjudication","魔法道具无执行声明","","0","0"
"srd-5.1:magic-item:holy-avenger","神圣复仇者","magic-item","weapon","dm-adjudication","魔法道具无执行声明","","0","0"
"srd-5.1:magic-item:horn-of-blasting","爆破号角","magic-item","wondrous-item","dm-adjudication","魔法道具无执行声明","","0","0"
"srd-5.1:magic-item:horn-of-valhalla","英灵殿号角","magic-item","wondrous-item","dm-adjudication","魔法道具无执行声明","","0","0"
"srd-5.1:magic-item:horseshoes-of-a-zephyr","轻风马蹄铁","magic-item","wondrous-item","dm-adjudication","魔法道具无执行声明","","0","0"
"srd-5.1:magic-item:horseshoes-of-speed","速度马蹄铁","magic-item","wondrous-item","dm-adjudication","魔法道具无执行声明","","0","0"
"srd-5.1:magic-item:immovable-rod","不动权杖","magic-item","rod","dm-adjudication","魔法道具无执行声明","","0","0"
"srd-5.1:magic-item:instant-fortress","即时堡垒","magic-item","wondrous-item","dm-adjudication","魔法道具无执行声明","","0","0"
"srd-5.1:magic-item:ioun-stone","艾恩石","magic-item","wondrous-item","dm-adjudication","魔法道具无执行声明","","0","0"
"srd-5.1:magic-item:iron-bands-of-binding","束缚铁带","magic-item","wondrous-item","dm-adjudication","魔法道具无执行声明","","0","0"
"srd-5.1:magic-item:iron-flask","铁烧瓶","magic-item","wondrous-item","dm-adjudication","魔法道具无执行声明","","0","0"
"srd-5.1:magic-item:javelin-of-lightning","闪电标枪","magic-item","weapon","dm-adjudication","魔法道具无执行声明","","0","0"
"srd-5.1:magic-item:lantern-of-revealing","显形提灯","magic-item","wondrous-item","dm-adjudication","魔法道具无执行声明","","0","0"
"srd-5.1:magic-item:luck-blade","幸运之刃","magic-item","weapon","dm-adjudication","魔法道具无执行声明","","0","0"
"srd-5.1:magic-item:mace-of-disruption","破坏硬头锤","magic-item","weapon","dm-adjudication","魔法道具无执行声明","","0","0"
"srd-5.1:magic-item:mace-of-smiting","重击硬头锤","magic-item","weapon","dm-adjudication","魔法道具无执行声明","","0","0"
"srd-5.1:magic-item:mace-of-terror","恐惧硬头锤","magic-item","weapon","dm-adjudication","魔法道具无执行声明","","0","0"
"srd-5.1:magic-item:mantle-of-spell-resistance","法术抗力斗篷","magic-item","wondrous-item","dm-adjudication","魔法道具无执行声明","","0","0"
"srd-5.1:magic-item:manual-of-bodily-health","强身手册","magic-item","wondrous-item","dm-adjudication","魔法道具无执行声明","","0","0"
"srd-5.1:magic-item:manual-of-gainful-exercise","健体手册","magic-item","wondrous-item","dm-adjudication","魔法道具无执行声明","","0","0"
"srd-5.1:magic-item:manual-of-golems","魔像手册","magic-item","wondrous-item","dm-adjudication","魔法道具无执行声明","","0","0"
"srd-5.1:magic-item:manual-of-quickness-of-action","敏捷动作手册","magic-item","wondrous-item","dm-adjudication","魔法道具无执行声明","","0","0"
"srd-5.1:magic-item:marvelous-pigments","神奇颜料","magic-item","wondrous-item","dm-adjudication","魔法道具无执行声明","","0","0"
"srd-5.1:magic-item:medallion-of-thoughts","读心徽章","magic-item","wondrous-item","dm-adjudication","魔法道具无执行声明","","0","0"
"srd-5.1:magic-item:mirror-of-life-trapping","囚命镜","magic-item","wondrous-item","dm-adjudication","魔法道具无执行声明","","0","0"
"srd-5.1:magic-item:mithral-armor","秘银护甲","magic-item","armor","dm-adjudication","魔法道具无执行声明","","0","0"
"srd-5.1:magic-item:necklace-of-adaptation","适应项链","magic-item","wondrous-item","dm-adjudication","魔法道具无执行声明","","0","0"
"srd-5.1:magic-item:necklace-of-fireballs","火球项链","magic-item","wondrous-item","dm-adjudication","魔法道具无执行声明","","0","0"
"srd-5.1:magic-item:necklace-of-prayer-beads","祈祷珠项链","magic-item","wondrous-item","dm-adjudication","魔法道具无执行声明","","0","0"
"srd-5.1:magic-item:nine-lives-stealer","九命夺魂剑","magic-item","weapon","dm-adjudication","魔法道具无执行声明","","0","0"
"srd-5.1:magic-item:oathbow","誓言弓","magic-item","weapon","dm-adjudication","魔法道具无执行声明","","0","0"
"srd-5.1:magic-item:oil-of-etherealness","以太化油","consumable","potion","dm-adjudication","魔法道具无执行声明","","0","0"
"srd-5.1:magic-item:oil-of-sharpness","锐锋油","consumable","potion","dm-adjudication","魔法道具无执行声明","","0","0"
"srd-5.1:magic-item:oil-of-slipperiness","滑溜油","consumable","potion","dm-adjudication","魔法道具无执行声明","","0","0"
"srd-5.1:magic-item:pearl-of-power","法力珍珠","magic-item","wondrous-item","headless","库存恢复法术位","","1","1"
"srd-5.1:magic-item:periapt-of-health","健康护符（疾病免疫）","magic-item","wondrous-item","dm-adjudication","魔法道具无执行声明","","0","0"
"srd-5.1:magic-item:periapt-of-proof-against-poison","防毒护符","magic-item","wondrous-item","headless","装备或被动数值","","0","0"
"srd-5.1:magic-item:periapt-of-wound-closure","创伤闭合护符","magic-item","wondrous-item","dm-adjudication","魔法道具无执行声明","","0","0"
"srd-5.1:magic-item:philter-of-love","爱情灵药","consumable","potion","dm-adjudication","魔法道具无执行声明","","0","0"
"srd-5.1:magic-item:pipes-of-haunting","恐惧排箫","magic-item","wondrous-item","dm-adjudication","魔法道具无执行声明","","0","0"
"srd-5.1:magic-item:pipes-of-the-sewers","下水道排箫","magic-item","wondrous-item","dm-adjudication","魔法道具无执行声明","","0","0"
"srd-5.1:magic-item:plate-armor-of-etherealness","以太化板甲","magic-item","armor","dm-adjudication","魔法道具无执行声明","","0","0"
"srd-5.1:magic-item:portable-hole","便携洞穴","magic-item","wondrous-item","dm-adjudication","魔法道具无执行声明","","0","0"
"srd-5.1:magic-item:potion-of-animal-friendship","动物交谈药水","consumable","potion","dm-adjudication","魔法道具无执行声明","","0","0"
"srd-5.1:magic-item:potion-of-clairvoyance","鹰眼术药水","consumable","potion","dm-adjudication","魔法道具无执行声明","","0","0"
"srd-5.1:magic-item:potion-of-climbing","攀爬药水","consumable","potion","headless","Headless持续效果","","1","0"
"srd-5.1:magic-item:potion-of-diminution","缩小药水","consumable","potion","dm-adjudication","魔法道具无执行声明","","0","0"
"srd-5.1:magic-item:potion-of-flying","飞行药水","consumable","potion","dm-adjudication","魔法道具无执行声明","","0","0"
"srd-5.1:magic-item:potion-of-gaseous-form","气化形体药水","consumable","potion","dm-adjudication","魔法道具无执行声明","","0","0"
"srd-5.1:magic-item:potion-of-giant-strength","巨人力量药水","consumable","potion","dm-adjudication","魔法道具无执行声明","","0","0"
"srd-5.1:magic-item:potion-of-growth","变巨药水","consumable","potion","dm-adjudication","魔法道具无执行声明","","0","0"
"srd-5.1:magic-item:potion-of-heroism","英雄气概药水","consumable","potion","dm-adjudication","魔法道具无执行声明","","0","0"
"srd-5.1:magic-item:potion-of-invisibility","隐形药水","consumable","potion","headless","Headless持续效果","","1","0"
"srd-5.1:magic-item:potion-of-mind-reading","读心药水","consumable","potion","dm-adjudication","魔法道具无执行声明","","0","0"
"srd-5.1:magic-item:potion-of-poison","毒药水","consumable","potion","dm-adjudication","魔法道具无执行声明","","0","0"
"srd-5.1:magic-item:potion-of-resistance","抗性药水","consumable","potion","dm-adjudication","魔法道具无执行声明","","0","0"
"srd-5.1:magic-item:potion-of-speed","加速药水","consumable","potion","dm-adjudication","魔法道具无执行声明","","0","0"
"srd-5.1:magic-item:potion-of-water-breathing","水下呼吸药水","consumable","potion","headless","Headless持续效果","","1","0"
"srd-5.1:magic-item:restorative-ointment","复原软膏","magic-item","wondrous-item","dm-adjudication","魔法道具无执行声明","","0","0"
"srd-5.1:magic-item:ring-of-animal-influence","动物影响戒指","magic-item","ring","dm-adjudication","魔法道具无执行声明","","0","0"
"srd-5.1:magic-item:ring-of-djinni-summoning","巨灵召唤戒指","magic-item","ring","dm-adjudication","魔法道具无执行声明","","0","0"
"srd-5.1:magic-item:ring-of-elemental-command","元素统御戒指","magic-item","ring","dm-adjudication","魔法道具无执行声明","","0","0"
"srd-5.1:magic-item:ring-of-evasion","闪避戒指","magic-item","ring","dm-adjudication","魔法道具无执行声明","","0","0"
"srd-5.1:magic-item:ring-of-feather-falling","羽落戒指","magic-item","ring","headless","装备或被动数值","","0","0"
"srd-5.1:magic-item:ring-of-free-action","行动自如戒指","magic-item","ring","headless","装备或被动数值","","0","0"
"srd-5.1:magic-item:ring-of-invisibility","隐形戒指","magic-item","ring","dm-adjudication","魔法道具无执行声明","","0","0"
"srd-5.1:magic-item:ring-of-jumping","跳跃戒指","magic-item","ring","headless","委托法术链路","jump:active-effect","1","0"
"srd-5.1:magic-item:ring-of-mind-shielding","心灵屏障戒指","magic-item","ring","dm-adjudication","魔法道具无执行声明","","0","0"
"srd-5.1:magic-item:ring-of-protection","防护戒指","magic-item","ring","headless","装备或被动数值","","0","0"
"srd-5.1:magic-item:ring-of-regeneration","再生戒指","magic-item","ring","dm-adjudication","魔法道具无执行声明","","0","0"
"srd-5.1:magic-item:ring-of-resistance","抗性戒指","magic-item","ring","dm-adjudication","魔法道具无执行声明","","0","0"
"srd-5.1:magic-item:ring-of-shooting-stars","流星戒指","magic-item","ring","dm-adjudication","魔法道具无执行声明","","0","0"
"srd-5.1:magic-item:ring-of-spell-storing","法术储存戒指","magic-item","ring","dm-adjudication","魔法道具无执行声明","","0","0"
"srd-5.1:magic-item:ring-of-spell-turning","法术反转戒指","magic-item","ring","dm-adjudication","魔法道具无执行声明","","0","0"
"srd-5.1:magic-item:ring-of-swimming","游泳戒指","magic-item","ring","dm-adjudication","魔法道具无执行声明","","0","0"
"srd-5.1:magic-item:ring-of-telekinesis","心灵遥控戒指","magic-item","ring","dm-adjudication","魔法道具无执行声明","","0","0"
"srd-5.1:magic-item:ring-of-the-ram","公羊戒指","magic-item","ring","dm-adjudication","魔法道具无执行声明","","0","0"
"srd-5.1:magic-item:ring-of-three-wishes","三愿戒指","magic-item","ring","dm-adjudication","魔法道具无执行声明","","0","0"
"srd-5.1:magic-item:ring-of-warmth","温暖戒指","magic-item","ring","dm-adjudication","魔法道具无执行声明","","0","0"
"srd-5.1:magic-item:ring-of-water-walking","水上行走戒指","magic-item","ring","headless","装备或被动数值","","0","0"
"srd-5.1:magic-item:ring-of-x-ray-vision","透视戒指","magic-item","ring","dm-adjudication","魔法道具无执行声明","","0","0"
"srd-5.1:magic-item:robe-of-eyes","多眼法袍","magic-item","wondrous-item","dm-adjudication","魔法道具无执行声明","","0","0"
"srd-5.1:magic-item:robe-of-scintillating-colors","闪光法袍","magic-item","wondrous-item","dm-adjudication","魔法道具无执行声明","","0","0"
"srd-5.1:magic-item:robe-of-stars","星辰法袍","magic-item","wondrous-item","dm-adjudication","魔法道具无执行声明","","0","0"
"srd-5.1:magic-item:robe-of-the-archmagi","大法师之袍","magic-item","wondrous-item","dm-adjudication","魔法道具无执行声明","","0","0"
"srd-5.1:magic-item:robe-of-useful-items","实用物品法袍","magic-item","wondrous-item","dm-adjudication","魔法道具无执行声明","","0","0"
"srd-5.1:magic-item:rod-of-absorption","吸收权杖","magic-item","rod","dm-adjudication","魔法道具无执行声明","","0","0"
"srd-5.1:magic-item:rod-of-alertness","警戒权杖","magic-item","rod","dm-adjudication","魔法道具无执行声明","","0","0"
"srd-5.1:magic-item:rod-of-lordly-might","君王伟力权杖","magic-item","rod","dm-adjudication","魔法道具无执行声明","","0","0"
"srd-5.1:magic-item:rod-of-rulership","统治权杖","magic-item","rod","dm-adjudication","魔法道具无执行声明","","0","0"
"srd-5.1:magic-item:rod-of-security","安全权杖","magic-item","rod","dm-adjudication","魔法道具无执行声明","","0","0"
"srd-5.1:magic-item:rope-of-climbing","攀爬绳","magic-item","wondrous-item","dm-adjudication","魔法道具无执行声明","","0","0"
"srd-5.1:magic-item:rope-of-entanglement","纠缠绳","magic-item","wondrous-item","dm-adjudication","魔法道具无执行声明","","0","0"
"srd-5.1:magic-item:scarab-of-protection","防护圣甲虫","magic-item","wondrous-item","dm-adjudication","魔法道具无执行声明","","0","0"
"srd-5.1:magic-item:scimitar-of-speed","迅捷弯刀","magic-item","weapon","dm-adjudication","魔法道具无执行声明","","0","0"
"srd-5.1:magic-item:shield-of-missile-attraction","飞弹吸引盾","magic-item","armor","dm-adjudication","魔法道具无执行声明","","0","0"
"srd-5.1:magic-item:slippers-of-spider-climbing","蛛行便鞋","magic-item","wondrous-item","dm-adjudication","魔法道具无执行声明","","0","0"
"srd-5.1:magic-item:sovereign-glue","至高胶","magic-item","wondrous-item","dm-adjudication","魔法道具无执行声明","","0","0"
"srd-5.1:magic-item:spellguard-shield","法术防卫盾","magic-item","armor","dm-adjudication","魔法道具无执行声明","","0","0"
"srd-5.1:magic-item:sphere-of-annihilation","湮灭法球","magic-item","wondrous-item","dm-adjudication","魔法道具无执行声明","","0","0"
"srd-5.1:magic-item:staff-of-charming","魅惑法杖","magic-item","staff","dm-adjudication","装备或被动数值","","0","0"
"srd-5.1:magic-item:staff-of-fire","火焰法杖","magic-item","staff","dm-adjudication","装备或被动数值","","0","0"
"srd-5.1:magic-item:staff-of-frost","寒霜法杖","magic-item","staff","dm-adjudication","装备或被动数值","","0","0"
"srd-5.1:magic-item:staff-of-healing","医疗法杖","magic-item","staff","headless","委托法术链路；装备或被动数值","cure-wounds:healing；cure-wounds:healing；cure-wounds:healing；cure-wounds:healing；lesser-restoration:remove-condition；mass-cure-wounds:healing","6","1"
"srd-5.1:magic-item:staff-of-power","强能法杖","magic-item","staff","dm-adjudication","装备或被动数值","","0","0"
"srd-5.1:magic-item:staff-of-striking","打击法杖","magic-item","staff","dm-adjudication","装备或被动数值","","0","0"
"srd-5.1:magic-item:staff-of-swarming-insects","虫群法杖","magic-item","staff","dm-adjudication","装备或被动数值","","0","0"
"srd-5.1:magic-item:staff-of-the-magi","大法师之杖","magic-item","staff","dm-adjudication","装备或被动数值","","0","0"
"srd-5.1:magic-item:staff-of-the-python","巨蟒法杖","magic-item","staff","dm-adjudication","装备或被动数值","","0","0"
"srd-5.1:magic-item:staff-of-the-woodlands","林地法杖","magic-item","staff","dm-adjudication","装备或被动数值","","0","0"
"srd-5.1:magic-item:staff-of-thunder-and-lightning","雷电法杖","magic-item","staff","dm-adjudication","装备或被动数值","","0","0"
"srd-5.1:magic-item:staff-of-withering","枯萎法杖","magic-item","staff","dm-adjudication","装备或被动数值","","0","0"
"srd-5.1:magic-item:stone-of-controlling-earth-elementals","控土元素石","magic-item","wondrous-item","dm-adjudication","魔法道具无执行声明","","0","0"
"srd-5.1:magic-item:stone-of-good-luck-luckstone","幸运石","magic-item","wondrous-item","dm-adjudication","魔法道具无执行声明","","0","0"
"srd-5.1:magic-item:sun-blade","阳炎剑","magic-item","weapon","dm-adjudication","魔法道具无执行声明","","0","0"
"srd-5.1:magic-item:sword-of-life-stealing","夺命剑","magic-item","weapon","dm-adjudication","魔法道具无执行声明","","0","0"
"srd-5.1:magic-item:sword-of-sharpness","锐锋剑","magic-item","weapon","dm-adjudication","魔法道具无执行声明","","0","0"
"srd-5.1:magic-item:sword-of-wounding","创伤剑","magic-item","weapon","dm-adjudication","魔法道具无执行声明","","0","0"
"srd-5.1:magic-item:talisman-of-pure-good","纯善护符","magic-item","wondrous-item","dm-adjudication","魔法道具无执行声明","","0","0"
"srd-5.1:magic-item:talisman-of-the-sphere","法球护符","magic-item","wondrous-item","dm-adjudication","魔法道具无执行声明","","0","0"
"srd-5.1:magic-item:talisman-of-ultimate-evil","极恶护符","magic-item","wondrous-item","dm-adjudication","魔法道具无执行声明","","0","0"
"srd-5.1:magic-item:tome-of-clear-thought","清晰思维宝典","magic-item","wondrous-item","dm-adjudication","魔法道具无执行声明","","0","0"
"srd-5.1:magic-item:tome-of-leadership-and-influence","领导与影响宝典","magic-item","wondrous-item","dm-adjudication","魔法道具无执行声明","","0","0"
"srd-5.1:magic-item:tome-of-understanding","通达宝典","magic-item","wondrous-item","dm-adjudication","魔法道具无执行声明","","0","0"
"srd-5.1:magic-item:trident-of-fish-command","控鱼三叉戟","magic-item","weapon","dm-adjudication","魔法道具无执行声明","","0","0"
"srd-5.1:magic-item:universal-solvent","万能溶剂","magic-item","wondrous-item","dm-adjudication","魔法道具无执行声明","","0","0"
"srd-5.1:magic-item:vicious-weapon","凶暴武器","magic-item","weapon","dm-adjudication","魔法道具无执行声明","","0","0"
"srd-5.1:magic-item:vorpal-sword","斩首剑","magic-item","weapon","dm-adjudication","魔法道具无执行声明","","0","0"
"srd-5.1:magic-item:wand-of-binding","束缚魔杖","magic-item","wand","dm-adjudication","委托法术链路","hold-person:saving-throw；hold-monster:saving-throw","2","1"
"srd-5.1:magic-item:wand-of-enemy-detection","侦敌魔杖","magic-item","wand","dm-adjudication","魔法道具无执行声明","","0","0"
"srd-5.1:magic-item:wand-of-fear","恐惧魔杖","magic-item","wand","dm-adjudication","魔法道具无执行声明","","0","0"
"srd-5.1:magic-item:wand-of-fireballs","火球魔杖","magic-item","wand","headless","委托法术链路","fireball:saving-throw；fireball:saving-throw；fireball:saving-throw；fireball:saving-throw；fireball:saving-throw；fireball:saving-throw；fireball:saving-throw","7","1"
"srd-5.1:magic-item:wand-of-lightning-bolts","闪电束魔杖","magic-item","wand","headless","委托法术链路","lightning-bolt:saving-throw；lightning-bolt:saving-throw；lightning-bolt:saving-throw；lightning-bolt:saving-throw；lightning-bolt:saving-throw；lightning-bolt:saving-throw；lightning-bolt:saving-throw","7","1"
"srd-5.1:magic-item:wand-of-magic-detection","魔法侦测魔杖","magic-item","wand","dm-adjudication","魔法道具无执行声明","","0","0"
"srd-5.1:magic-item:wand-of-magic-missiles","魔法飞弹魔杖","magic-item","wand","headless","委托法术链路","magic-missile:automatic-damage；magic-missile:automatic-damage；magic-missile:automatic-damage；magic-missile:automatic-damage；magic-missile:automatic-damage；magic-missile:automatic-damage；magic-missile:automatic-damage","7","1"
"srd-5.1:magic-item:wand-of-paralysis","麻痹魔杖","magic-item","wand","dm-adjudication","魔法道具无执行声明","","0","0"
"srd-5.1:magic-item:wand-of-polymorph","变形魔杖","magic-item","wand","dm-adjudication","魔法道具无执行声明","","0","0"
"srd-5.1:magic-item:wand-of-secrets","秘密探测魔杖","magic-item","wand","dm-adjudication","魔法道具无执行声明","","0","0"
"srd-5.1:magic-item:wand-of-the-war-mage","+1、+2 或 +3 战法师魔杖","magic-item","wand","dm-adjudication","魔法道具无执行声明","","0","0"
"srd-5.1:magic-item:wand-of-web","蛛网魔杖","magic-item","wand","headless","委托法术链路","web:persistent-area","1","1"
"srd-5.1:magic-item:wand-of-wonder","奇迹魔杖","magic-item","wand","dm-adjudication","魔法道具无执行声明","","0","0"
"srd-5.1:magic-item:well-of-many-worlds","万界之井","magic-item","wondrous-item","dm-adjudication","魔法道具无执行声明","","0","0"
"srd-5.1:magic-item:wind-fan","风扇","magic-item","wondrous-item","dm-adjudication","魔法道具无执行声明","","0","0"
"srd-5.1:magic-item:winged-boots","飞翼靴","magic-item","wondrous-item","dm-adjudication","魔法道具无执行声明","","0","0"
"srd-5.1:magic-item:wings-of-flying","飞行之翼","magic-item","wondrous-item","dm-adjudication","魔法道具无执行声明","","0","0"
"srd-5.1:magic-item:orb-of-dragonkind","龙珠","magic-item","wondrous-item","dm-adjudication","魔法道具无执行声明","","0","0"
"srd-5.1:magic-item:weapon-longsword-plus-1","+1 长剑","equipment","weapon","headless","装备或被动数值","","0","0"
"srd-5.1:magic-item:weapon-longsword-plus-2","+2 长剑","equipment","weapon","headless","装备或被动数值","","0","0"
"srd-5.1:magic-item:weapon-longsword-plus-3","+3 长剑","equipment","weapon","headless","装备或被动数值","","0","0"
"srd-5.1:magic-item:weapon-greataxe-plus-1","+1 巨斧","equipment","weapon","headless","装备或被动数值","","0","0"
"srd-5.1:magic-item:weapon-greataxe-plus-2","+2 巨斧","equipment","weapon","headless","装备或被动数值","","0","0"
"srd-5.1:magic-item:weapon-greataxe-plus-3","+3 巨斧","equipment","weapon","headless","装备或被动数值","","0","0"
"srd-5.1:magic-item:weapon-rapier-plus-1","+1 刺剑","equipment","weapon","headless","装备或被动数值","","0","0"
"srd-5.1:magic-item:weapon-rapier-plus-2","+2 刺剑","equipment","weapon","headless","装备或被动数值","","0","0"
"srd-5.1:magic-item:weapon-rapier-plus-3","+3 刺剑","equipment","weapon","headless","装备或被动数值","","0","0"
"srd-5.1:magic-item:weapon-mace-plus-1","+1 硬头锤","equipment","weapon","headless","装备或被动数值","","0","0"
"srd-5.1:magic-item:weapon-mace-plus-2","+2 硬头锤","equipment","weapon","headless","装备或被动数值","","0","0"
"srd-5.1:magic-item:weapon-mace-plus-3","+3 硬头锤","equipment","weapon","headless","装备或被动数值","","0","0"
"srd-5.1:magic-item:weapon-scimitar-plus-1","+1 弯刀","equipment","weapon","headless","装备或被动数值","","0","0"
"srd-5.1:magic-item:weapon-scimitar-plus-2","+2 弯刀","equipment","weapon","headless","装备或被动数值","","0","0"
"srd-5.1:magic-item:weapon-scimitar-plus-3","+3 弯刀","equipment","weapon","headless","装备或被动数值","","0","0"
"srd-5.1:magic-item:weapon-shortsword-plus-1","+1 短剑","equipment","weapon","headless","装备或被动数值","","0","0"
"srd-5.1:magic-item:weapon-shortsword-plus-2","+2 短剑","equipment","weapon","headless","装备或被动数值","","0","0"
"srd-5.1:magic-item:weapon-shortsword-plus-3","+3 短剑","equipment","weapon","headless","装备或被动数值","","0","0"
"srd-5.1:magic-item:weapon-quarterstaff-plus-1","+1 长棍","equipment","weapon","headless","装备或被动数值","","0","0"
"srd-5.1:magic-item:weapon-quarterstaff-plus-2","+2 长棍","equipment","weapon","headless","装备或被动数值","","0","0"
"srd-5.1:magic-item:weapon-quarterstaff-plus-3","+3 长棍","equipment","weapon","headless","装备或被动数值","","0","0"
"srd-5.1:magic-item:weapon-light-crossbow-plus-1","+1 轻弩","equipment","weapon","headless","装备或被动数值","","0","0"
"srd-5.1:magic-item:weapon-light-crossbow-plus-2","+2 轻弩","equipment","weapon","headless","装备或被动数值","","0","0"
"srd-5.1:magic-item:weapon-light-crossbow-plus-3","+3 轻弩","equipment","weapon","headless","装备或被动数值","","0","0"
"srd-5.1:magic-item:weapon-longbow-plus-1","+1 长弓","equipment","weapon","headless","装备或被动数值","","0","0"
"srd-5.1:magic-item:weapon-longbow-plus-2","+2 长弓","equipment","weapon","headless","装备或被动数值","","0","0"
"srd-5.1:magic-item:weapon-longbow-plus-3","+3 长弓","equipment","weapon","headless","装备或被动数值","","0","0"
"srd-5.1:magic-item:weapon-dagger-plus-1","+1 匕首","equipment","weapon","headless","装备或被动数值","","0","0"
"srd-5.1:magic-item:weapon-dagger-plus-2","+2 匕首","equipment","weapon","headless","装备或被动数值","","0","0"
"srd-5.1:magic-item:weapon-dagger-plus-3","+3 匕首","equipment","weapon","headless","装备或被动数值","","0","0"
"srd-5.1:magic-item:weapon-club-plus-1","+1 短棒","equipment","weapon","headless","装备或被动数值","","0","0"
"srd-5.1:magic-item:weapon-club-plus-2","+2 短棒","equipment","weapon","headless","装备或被动数值","","0","0"
"srd-5.1:magic-item:weapon-club-plus-3","+3 短棒","equipment","weapon","headless","装备或被动数值","","0","0"
"srd-5.1:magic-item:weapon-greatclub-plus-1","+1 大棒","equipment","weapon","headless","装备或被动数值","","0","0"
"srd-5.1:magic-item:weapon-greatclub-plus-2","+2 大棒","equipment","weapon","headless","装备或被动数值","","0","0"
"srd-5.1:magic-item:weapon-greatclub-plus-3","+3 大棒","equipment","weapon","headless","装备或被动数值","","0","0"
"srd-5.1:magic-item:weapon-handaxe-plus-1","+1 手斧","equipment","weapon","headless","装备或被动数值","","0","0"
"srd-5.1:magic-item:weapon-handaxe-plus-2","+2 手斧","equipment","weapon","headless","装备或被动数值","","0","0"
"srd-5.1:magic-item:weapon-handaxe-plus-3","+3 手斧","equipment","weapon","headless","装备或被动数值","","0","0"
"srd-5.1:magic-item:weapon-javelin-plus-1","+1 标枪","equipment","weapon","headless","装备或被动数值","","0","0"
"srd-5.1:magic-item:weapon-javelin-plus-2","+2 标枪","equipment","weapon","headless","装备或被动数值","","0","0"
"srd-5.1:magic-item:weapon-javelin-plus-3","+3 标枪","equipment","weapon","headless","装备或被动数值","","0","0"
"srd-5.1:magic-item:weapon-light-hammer-plus-1","+1 轻锤","equipment","weapon","headless","装备或被动数值","","0","0"
"srd-5.1:magic-item:weapon-light-hammer-plus-2","+2 轻锤","equipment","weapon","headless","装备或被动数值","","0","0"
"srd-5.1:magic-item:weapon-light-hammer-plus-3","+3 轻锤","equipment","weapon","headless","装备或被动数值","","0","0"
"srd-5.1:magic-item:weapon-sickle-plus-1","+1 镰刀","equipment","weapon","headless","装备或被动数值","","0","0"
"srd-5.1:magic-item:weapon-sickle-plus-2","+2 镰刀","equipment","weapon","headless","装备或被动数值","","0","0"
"srd-5.1:magic-item:weapon-sickle-plus-3","+3 镰刀","equipment","weapon","headless","装备或被动数值","","0","0"
"srd-5.1:magic-item:weapon-spear-plus-1","+1 矛","equipment","weapon","headless","装备或被动数值","","0","0"
"srd-5.1:magic-item:weapon-spear-plus-2","+2 矛","equipment","weapon","headless","装备或被动数值","","0","0"
"srd-5.1:magic-item:weapon-spear-plus-3","+3 矛","equipment","weapon","headless","装备或被动数值","","0","0"
"srd-5.1:magic-item:weapon-dart-plus-1","+1 飞镖","equipment","weapon","headless","装备或被动数值","","0","0"
"srd-5.1:magic-item:weapon-dart-plus-2","+2 飞镖","equipment","weapon","headless","装备或被动数值","","0","0"
"srd-5.1:magic-item:weapon-dart-plus-3","+3 飞镖","equipment","weapon","headless","装备或被动数值","","0","0"
"srd-5.1:magic-item:weapon-shortbow-plus-1","+1 短弓","equipment","weapon","headless","装备或被动数值","","0","0"
"srd-5.1:magic-item:weapon-shortbow-plus-2","+2 短弓","equipment","weapon","headless","装备或被动数值","","0","0"
"srd-5.1:magic-item:weapon-shortbow-plus-3","+3 短弓","equipment","weapon","headless","装备或被动数值","","0","0"
"srd-5.1:magic-item:weapon-sling-plus-1","+1 投石索","equipment","weapon","headless","装备或被动数值","","0","0"
"srd-5.1:magic-item:weapon-sling-plus-2","+2 投石索","equipment","weapon","headless","装备或被动数值","","0","0"
"srd-5.1:magic-item:weapon-sling-plus-3","+3 投石索","equipment","weapon","headless","装备或被动数值","","0","0"
"srd-5.1:magic-item:weapon-warhammer-plus-1","+1 战锤","equipment","weapon","headless","装备或被动数值","","0","0"
"srd-5.1:magic-item:weapon-warhammer-plus-2","+2 战锤","equipment","weapon","headless","装备或被动数值","","0","0"
"srd-5.1:magic-item:weapon-warhammer-plus-3","+3 战锤","equipment","weapon","headless","装备或被动数值","","0","0"
"srd-5.1:magic-item:weapon-greatsword-plus-1","+1 巨剑","equipment","weapon","headless","装备或被动数值","","0","0"
"srd-5.1:magic-item:weapon-greatsword-plus-2","+2 巨剑","equipment","weapon","headless","装备或被动数值","","0","0"
"srd-5.1:magic-item:weapon-greatsword-plus-3","+3 巨剑","equipment","weapon","headless","装备或被动数值","","0","0"
"srd-5.1:magic-item:weapon-battleaxe-plus-1","+1 战斧","equipment","weapon","headless","装备或被动数值","","0","0"
"srd-5.1:magic-item:weapon-battleaxe-plus-2","+2 战斧","equipment","weapon","headless","装备或被动数值","","0","0"
"srd-5.1:magic-item:weapon-battleaxe-plus-3","+3 战斧","equipment","weapon","headless","装备或被动数值","","0","0"
"srd-5.1:magic-item:weapon-flail-plus-1","+1 连枷","equipment","weapon","headless","装备或被动数值","","0","0"
"srd-5.1:magic-item:weapon-flail-plus-2","+2 连枷","equipment","weapon","headless","装备或被动数值","","0","0"
"srd-5.1:magic-item:weapon-flail-plus-3","+3 连枷","equipment","weapon","headless","装备或被动数值","","0","0"
"srd-5.1:magic-item:weapon-glaive-plus-1","+1 长柄刀","equipment","weapon","headless","装备或被动数值","","0","0"
"srd-5.1:magic-item:weapon-glaive-plus-2","+2 长柄刀","equipment","weapon","headless","装备或被动数值","","0","0"
"srd-5.1:magic-item:weapon-glaive-plus-3","+3 长柄刀","equipment","weapon","headless","装备或被动数值","","0","0"
"srd-5.1:magic-item:weapon-halberd-plus-1","+1 戟","equipment","weapon","headless","装备或被动数值","","0","0"
"srd-5.1:magic-item:weapon-halberd-plus-2","+2 戟","equipment","weapon","headless","装备或被动数值","","0","0"
"srd-5.1:magic-item:weapon-halberd-plus-3","+3 戟","equipment","weapon","headless","装备或被动数值","","0","0"
"srd-5.1:magic-item:weapon-lance-plus-1","+1 骑枪","equipment","weapon","headless","装备或被动数值","","0","0"
"srd-5.1:magic-item:weapon-lance-plus-2","+2 骑枪","equipment","weapon","headless","装备或被动数值","","0","0"
"srd-5.1:magic-item:weapon-lance-plus-3","+3 骑枪","equipment","weapon","headless","装备或被动数值","","0","0"
"srd-5.1:magic-item:weapon-maul-plus-1","+1 巨锤","equipment","weapon","headless","装备或被动数值","","0","0"
"srd-5.1:magic-item:weapon-maul-plus-2","+2 巨锤","equipment","weapon","headless","装备或被动数值","","0","0"
"srd-5.1:magic-item:weapon-maul-plus-3","+3 巨锤","equipment","weapon","headless","装备或被动数值","","0","0"
"srd-5.1:magic-item:weapon-morningstar-plus-1","+1 钉头锤","equipment","weapon","headless","装备或被动数值","","0","0"
"srd-5.1:magic-item:weapon-morningstar-plus-2","+2 钉头锤","equipment","weapon","headless","装备或被动数值","","0","0"
"srd-5.1:magic-item:weapon-morningstar-plus-3","+3 钉头锤","equipment","weapon","headless","装备或被动数值","","0","0"
"srd-5.1:magic-item:weapon-pike-plus-1","+1 长枪","equipment","weapon","headless","装备或被动数值","","0","0"
"srd-5.1:magic-item:weapon-pike-plus-2","+2 长枪","equipment","weapon","headless","装备或被动数值","","0","0"
"srd-5.1:magic-item:weapon-pike-plus-3","+3 长枪","equipment","weapon","headless","装备或被动数值","","0","0"
"srd-5.1:magic-item:weapon-trident-plus-1","+1 三叉戟","equipment","weapon","headless","装备或被动数值","","0","0"
"srd-5.1:magic-item:weapon-trident-plus-2","+2 三叉戟","equipment","weapon","headless","装备或被动数值","","0","0"
"srd-5.1:magic-item:weapon-trident-plus-3","+3 三叉戟","equipment","weapon","headless","装备或被动数值","","0","0"
"srd-5.1:magic-item:weapon-war-pick-plus-1","+1 战镐","equipment","weapon","headless","装备或被动数值","","0","0"
"srd-5.1:magic-item:weapon-war-pick-plus-2","+2 战镐","equipment","weapon","headless","装备或被动数值","","0","0"
"srd-5.1:magic-item:weapon-war-pick-plus-3","+3 战镐","equipment","weapon","headless","装备或被动数值","","0","0"
"srd-5.1:magic-item:weapon-whip-plus-1","+1 长鞭","equipment","weapon","headless","装备或被动数值","","0","0"
"srd-5.1:magic-item:weapon-whip-plus-2","+2 长鞭","equipment","weapon","headless","装备或被动数值","","0","0"
"srd-5.1:magic-item:weapon-whip-plus-3","+3 长鞭","equipment","weapon","headless","装备或被动数值","","0","0"
"srd-5.1:magic-item:weapon-blowgun-plus-1","+1 吹箭筒","equipment","weapon","headless","装备或被动数值","","0","0"
"srd-5.1:magic-item:weapon-blowgun-plus-2","+2 吹箭筒","equipment","weapon","headless","装备或被动数值","","0","0"
"srd-5.1:magic-item:weapon-blowgun-plus-3","+3 吹箭筒","equipment","weapon","headless","装备或被动数值","","0","0"
"srd-5.1:magic-item:weapon-hand-crossbow-plus-1","+1 手弩","equipment","weapon","headless","装备或被动数值","","0","0"
"srd-5.1:magic-item:weapon-hand-crossbow-plus-2","+2 手弩","equipment","weapon","headless","装备或被动数值","","0","0"
"srd-5.1:magic-item:weapon-hand-crossbow-plus-3","+3 手弩","equipment","weapon","headless","装备或被动数值","","0","0"
"srd-5.1:magic-item:weapon-heavy-crossbow-plus-1","+1 重弩","equipment","weapon","headless","装备或被动数值","","0","0"
"srd-5.1:magic-item:weapon-heavy-crossbow-plus-2","+2 重弩","equipment","weapon","headless","装备或被动数值","","0","0"
"srd-5.1:magic-item:weapon-heavy-crossbow-plus-3","+3 重弩","equipment","weapon","headless","装备或被动数值","","0","0"
"srd-5.1:magic-item:weapon-net-plus-1","+1 捕网","equipment","weapon","headless","装备或被动数值","","0","0"
"srd-5.1:magic-item:weapon-net-plus-2","+2 捕网","equipment","weapon","headless","装备或被动数值","","0","0"
"srd-5.1:magic-item:weapon-net-plus-3","+3 捕网","equipment","weapon","headless","装备或被动数值","","0","0"
"srd-5.1:magic-item:armor-chain-mail-plus-1","+1 链甲","equipment","armor","headless","装备或被动数值","","0","0"
"srd-5.1:magic-item:armor-chain-mail-plus-2","+2 链甲","equipment","armor","headless","装备或被动数值","","0","0"
"srd-5.1:magic-item:armor-chain-mail-plus-3","+3 链甲","equipment","armor","headless","装备或被动数值","","0","0"
"srd-5.1:magic-item:armor-scale-mail-plus-1","+1 鳞甲","equipment","armor","headless","装备或被动数值","","0","0"
"srd-5.1:magic-item:armor-scale-mail-plus-2","+2 鳞甲","equipment","armor","headless","装备或被动数值","","0","0"
"srd-5.1:magic-item:armor-scale-mail-plus-3","+3 鳞甲","equipment","armor","headless","装备或被动数值","","0","0"
"srd-5.1:magic-item:armor-leather-armor-plus-1","+1 皮甲","equipment","armor","headless","装备或被动数值","","0","0"
"srd-5.1:magic-item:armor-leather-armor-plus-2","+2 皮甲","equipment","armor","headless","装备或被动数值","","0","0"
"srd-5.1:magic-item:armor-leather-armor-plus-3","+3 皮甲","equipment","armor","headless","装备或被动数值","","0","0"
"srd-5.1:magic-item:shield-plus-1","+1 盾牌","equipment","armor","headless","装备或被动数值","","0","0"
"srd-5.1:magic-item:shield-plus-2","+2 盾牌","equipment","armor","headless","装备或被动数值","","0","0"
"srd-5.1:magic-item:shield-plus-3","+3 盾牌","equipment","armor","headless","装备或被动数值","","0","0"
"srd-5.1:magic-item:potion-of-healing-greater","强效治疗药水","consumable","potion","headless","Headless统一治疗","","1","0"
"srd-5.1:magic-item:potion-of-healing-superior","高效治疗药水","consumable","potion","headless","Headless统一治疗","","1","0"
"srd-5.1:magic-item:potion-of-healing-supreme","极效治疗药水","consumable","potion","headless","Headless统一治疗","","1","0"
"srd-5.1:spell-scroll:mage-hand","法师之手卷轴","consumable","scroll","headless","委托法术链路","mage-hand:persistent-area","1","0"
"srd-5.1:spell-scroll:dancing-lights","舞光术卷轴","consumable","scroll","headless","委托法术链路","dancing-lights:persistent-area","1","0"
"srd-5.1:spell-scroll:minor-illusion","次级幻影卷轴","consumable","scroll","headless","委托法术链路","minor-illusion:narrative-effect","1","0"
"srd-5.1:spell-scroll:thaumaturgy","奇术卷轴","consumable","scroll","headless","委托法术链路","thaumaturgy:narrative-effect","1","0"
"srd-5.1:spell-scroll:guidance","神导术卷轴","consumable","scroll","headless","委托法术链路","guidance:active-effect","1","0"
"srd-5.1:spell-scroll:resistance","抗力术卷轴","consumable","scroll","headless","委托法术链路","resistance:active-effect","1","0"
"srd-5.1:spell-scroll:shillelagh","橡棍术卷轴","consumable","scroll","headless","委托法术链路","shillelagh:active-effect","1","0"
"srd-5.1:spell-scroll:magic-weapon","魔化武器卷轴","consumable","scroll","headless","委托法术链路","magic-weapon:active-effect","1","0"
"srd-5.1:spell-scroll:sanctuary","庇护术卷轴","consumable","scroll","headless","委托法术链路","sanctuary:active-effect","1","0"
"srd-5.1:spell-scroll:darkness","黑暗术卷轴","consumable","scroll","headless","委托法术链路","darkness:persistent-area","1","0"
"srd-5.1:spell-scroll:daylight","昼明术卷轴","consumable","scroll","headless","委托法术链路","daylight:persistent-area","1","0"
"srd-5.1:spell-scroll:mage-armor","法师护甲卷轴","consumable","scroll","headless","委托法术链路","mage-armor:active-effect","1","0"
"srd-5.1:spell-scroll:jump","跳跃术卷轴","consumable","scroll","headless","委托法术链路","jump:active-effect","1","0"
"srd-5.1:spell-scroll:darkvision","黑暗视觉卷轴","consumable","scroll","headless","委托法术链路","darkvision:active-effect","1","0"
"srd-5.1:spell-scroll:see-invisibility","识破隐形卷轴","consumable","scroll","headless","委托法术链路","see-invisibility:active-effect","1","0"
"srd-5.1:spell-scroll:warding-bond","守护之链卷轴","consumable","scroll","headless","委托法术链路","warding-bond:active-effect","1","0"
"srd-5.1:spell-scroll:misty-step","迷踪步卷轴","consumable","scroll","headless","委托法术链路","misty-step:teleport","1","0"
"srd-5.1:spell-scroll:fly","飞行术卷轴","consumable","scroll","headless","委托法术链路","fly:active-effect","1","0"
"srd-5.1:spell-scroll:heroism","英雄气概卷轴","consumable","scroll","headless","委托法术链路","heroism:active-effect","1","0"
"srd-5.1:spell-scroll:enlarge-reduce","变巨/缩小术卷轴","consumable","scroll","headless","委托法术链路","enlarge-reduce:active-effect","1","0"
"srd-5.1:spell-scroll:enhance-ability","强化属性卷轴","consumable","scroll","headless","委托法术链路","enhance-ability:active-effect","1","0"
"srd-5.1:spell-scroll:flame-blade","火焰刀卷轴","consumable","scroll","headless","委托法术链路","flame-blade:active-effect","1","0"
"srd-5.1:spell-scroll:expeditious-retreat","脚底抹油卷轴","consumable","scroll","headless","委托法术链路","expeditious-retreat:active-effect","1","0"
"srd-5.1:spell-scroll:heat-metal","灼热金属卷轴","consumable","scroll","headless","委托法术链路","heat-metal:automatic-damage","1","0"
"srd-5.1:spell-scroll:vampiric-touch","吸血鬼之触卷轴","consumable","scroll","headless","委托法术链路","vampiric-touch:spell-attack","1","0"
"srd-5.1:spell-scroll:sunbeam","阳炎射线卷轴","consumable","scroll","headless","委托法术链路","sunbeam:saving-throw","1","0"
"srd-5.1:spell-scroll:spiritual-weapon","灵体武器卷轴","consumable","scroll","headless","委托法术链路","spiritual-weapon:spell-attack","1","0"
"srd-5.1:spell-scroll:fog-cloud","云雾术卷轴","consumable","scroll","headless","委托法术链路","fog-cloud:persistent-area","1","0"
"srd-5.1:spell-scroll:web","蛛网术卷轴","consumable","scroll","headless","委托法术链路","web:persistent-area","1","0"
"srd-5.1:spell-scroll:silence","沉默术卷轴","consumable","scroll","headless","委托法术链路","silence:persistent-area","1","0"
"srd-5.1:spell-scroll:sleet-storm","雪雨暴卷轴","consumable","scroll","headless","委托法术链路","sleet-storm:persistent-area","1","0"
"srd-5.1:spell-scroll:stinking-cloud","臭云术卷轴","consumable","scroll","headless","委托法术链路","stinking-cloud:persistent-area","1","0"
"srd-5.1:spell-scroll:wind-wall","风墙术卷轴","consumable","scroll","headless","委托法术链路","wind-wall:persistent-area","1","0"
"srd-5.1:spell-scroll:wall-of-force","力场墙卷轴","consumable","scroll","headless","委托法术链路","wall-of-force:persistent-area","1","0"
"srd-5.1:spell-scroll:wall-of-stone","石墙术卷轴","consumable","scroll","headless","委托法术链路","wall-of-stone:persistent-area","1","0"
"srd-5.1:spell-scroll:wall-of-ice","冰墙术卷轴","consumable","scroll","headless","委托法术链路","wall-of-ice:persistent-area","1","0"
"srd-5.1:spell-scroll:wall-of-thorns","棘墙术卷轴","consumable","scroll","headless","委托法术链路","wall-of-thorns:persistent-area","1","0"
"srd-5.1:spell-scroll:grease","油腻术卷轴","consumable","scroll","headless","委托法术链路","grease:persistent-area","1","0"
"srd-5.1:spell-scroll:entangle","纠缠术卷轴","consumable","scroll","headless","委托法术链路","entangle:persistent-area","1","0"
"srd-5.1:spell-scroll:dispel-magic","解除魔法卷轴","consumable","scroll","headless","委托法术链路","dispel-magic:dispel-magic","1","0"
"srd-5.1:spell-scroll:flaming-sphere","炽焰法球卷轴","consumable","scroll","headless","委托法术链路","flaming-sphere:persistent-area","1","0"
"srd-5.1:spell-scroll:spike-growth","荆棘丛生卷轴","consumable","scroll","headless","委托法术链路","spike-growth:persistent-area","1","0"
"srd-5.1:spell-scroll:spirit-guardians","灵体卫士卷轴","consumable","scroll","headless","委托法术链路","spirit-guardians:persistent-area","1","0"
"srd-5.1:spell-scroll:moonbeam","月华之光卷轴","consumable","scroll","headless","委托法术链路","moonbeam:persistent-area","1","0"
"srd-5.1:spell-scroll:call-lightning","召雷术卷轴","consumable","scroll","headless","委托法术链路","call-lightning:saving-throw","1","0"
"srd-5.1:spell-scroll:calm-emotions","安定心神卷轴","consumable","scroll","headless","委托法术链路","calm-emotions:active-effect","1","0"
"srd-5.1:spell-scroll:faerie-fire","妖火卷轴","consumable","scroll","headless","委托法术链路","faerie-fire:saving-throw","1","0"
"srd-5.1:spell-scroll:hypnotic-pattern","催眠图纹卷轴","consumable","scroll","headless","委托法术链路","hypnotic-pattern:saving-throw","1","0"
"srd-5.1:spell-scroll:slow","缓慢术卷轴","consumable","scroll","headless","委托法术链路","slow:saving-throw","1","0"
"srd-5.1:spell-scroll:phantasmal-killer","魅影杀手卷轴","consumable","scroll","headless","委托法术链路","phantasmal-killer:saving-throw","1","0"
"srd-5.1:spell-scroll:black-tentacles","黑触手卷轴","consumable","scroll","headless","委托法术链路","black-tentacles:persistent-area","1","0"
"srd-5.1:spell-scroll:wall-of-fire","火墙术卷轴","consumable","scroll","headless","委托法术链路","wall-of-fire:persistent-area","1","0"
"srd-5.1:spell-scroll:insect-plague","疫病虫群卷轴","consumable","scroll","headless","委托法术链路","insect-plague:persistent-area","1","0"
"srd-5.1:spell-scroll:cloudkill","死云术卷轴","consumable","scroll","headless","委托法术链路","cloudkill:persistent-area","1","0"
"srd-5.1:spell-scroll:blade-barrier","剑刃护壁卷轴","consumable","scroll","headless","委托法术链路","blade-barrier:persistent-area","1","0"
"srd-5.1:spell-scroll:charm-person","魅惑人类卷轴","consumable","scroll","headless","委托法术链路","charm-person:saving-throw","1","0"
"srd-5.1:spell-scroll:hideous-laughter","狂笑术卷轴","consumable","scroll","headless","委托法术链路","hideous-laughter:saving-throw","1","0"
"srd-5.1:spell-scroll:sleep","睡眠术卷轴","consumable","scroll","headless","委托法术链路","sleep:sleep-hit-point-pool","1","0"
"srd-5.1:spell-scroll:color-spray","七彩喷射卷轴","consumable","scroll","headless","委托法术链路","color-spray:color-spray-hit-point-pool","1","0"
"srd-5.1:spell-scroll:invisibility","隐形术卷轴","consumable","scroll","headless","委托法术链路","invisibility:active-effect","1","0"
"srd-5.1:spell-scroll:greater-invisibility","高等隐形术卷轴","consumable","scroll","headless","委托法术链路","greater-invisibility:active-effect","1","0"
"srd-5.1:spell-scroll:blur","朦胧术卷轴","consumable","scroll","headless","委托法术链路","blur:active-effect","1","0"
"srd-5.1:spell-scroll:barkskin","树肤术卷轴","consumable","scroll","headless","委托法术链路","barkskin:active-effect","1","0"
"srd-5.1:spell-scroll:protection-from-poison","防护毒素卷轴","consumable","scroll","headless","委托法术链路","protection-from-poison:active-effect","1","0"
"srd-5.1:spell-scroll:protection-from-energy","防护能量伤害卷轴","consumable","scroll","headless","委托法术链路","protection-from-energy:active-effect","1","0"
"srd-5.1:spell-scroll:longstrider","大步奔行卷轴","consumable","scroll","headless","委托法术链路","longstrider:active-effect","1","0"
"srd-5.1:spell-scroll:death-ward","防死结界卷轴","consumable","scroll","headless","委托法术链路","death-ward:active-effect","1","0"
"srd-5.1:spell-scroll:spare-the-dying","维生术卷轴","consumable","scroll","headless","委托法术链路","spare-the-dying:stabilize","1","0"
"srd-5.1:spell-scroll:false-life","虚假生命卷轴","consumable","scroll","headless","委托法术链路","false-life:temporary-hit-points","1","0"
"srd-5.1:spell-scroll:guiding-bolt","曳光弹卷轴","consumable","scroll","headless","委托法术链路","guiding-bolt:spell-attack","1","0"
"srd-5.1:spell-scroll:acid-arrow","强酸箭卷轴","consumable","scroll","headless","委托法术链路","acid-arrow:spell-attack","1","0"
"srd-5.1:spell-scroll:hellish-rebuke","炼狱叱喝卷轴","consumable","scroll","headless","委托法术链路","hellish-rebuke:saving-throw","1","0"
"srd-5.1:spell-scroll:blindness-deafness","目盲/耳聋术卷轴","consumable","scroll","headless","委托法术链路","blindness-deafness:saving-throw","1","0"
"srd-5.1:spell-scroll:hold-person","人类定身术卷轴","consumable","scroll","headless","委托法术链路","hold-person:saving-throw","1","0"
"srd-5.1:spell-scroll:lesser-restoration","次级复原术卷轴","consumable","scroll","headless","委托法术链路","lesser-restoration:remove-condition","1","0"
"srd-5.1:spell-scroll:prayer-of-healing","治疗祷言卷轴","consumable","scroll","headless","委托法术链路","prayer-of-healing:healing","1","0"
"srd-5.1:spell-scroll:mass-healing-word","群体治愈真言卷轴","consumable","scroll","headless","委托法术链路","mass-healing-word:healing","1","0"
"srd-5.1:spell-scroll:mass-cure-wounds","群体疗伤术卷轴","consumable","scroll","headless","委托法术链路","mass-cure-wounds:healing","1","0"
"srd-5.1:spell-scroll:flame-strike","焰击术卷轴","consumable","scroll","headless","委托法术链路","flame-strike:saving-throw","1","0"
"srd-5.1:spell-scroll:counterspell","法术反制卷轴","consumable","scroll","headless","委托法术链路","counterspell:counterspell","1","0"
"srd-5.1:spell-scroll:banishment","放逐术卷轴","consumable","scroll","headless","委托法术链路","banishment:saving-throw","1","0"
"srd-5.1:spell-scroll:hold-monster","怪物定身术卷轴","consumable","scroll","headless","委托法术链路","hold-monster:saving-throw","1","0"
"srd-5.1:spell-scroll:heal","医疗术卷轴","consumable","scroll","headless","委托法术链路","heal:fixed-healing","1","0"
"srd-5.1:spell-scroll:harm","重伤术卷轴","consumable","scroll","headless","委托法术链路","harm:saving-throw","1","0"
"srd-5.1:spell-scroll:power-word-stun","律令震慑卷轴","consumable","scroll","headless","委托法术链路","power-word-stun:power-word-stun","1","0"
"srd-5.1:spell-scroll:mass-heal","群体医疗术卷轴","consumable","scroll","headless","委托法术链路","mass-heal:healing-pool","1","0"
"srd-5.1:spell-scroll:acid-splash","酸液飞溅卷轴","consumable","scroll","headless","委托法术链路","acid-splash:saving-throw","1","0"
"srd-5.1:spell-scroll:hunters-mark","猎人印记卷轴","consumable","scroll","headless","委托法术链路","hunters-mark:mark","1","0"
"srd-5.1:spell-scroll:fire-bolt","火焰箭卷轴","consumable","scroll","headless","委托法术链路","fire-bolt:spell-attack","1","0"
"srd-5.1:spell-scroll:ray-of-frost","冷冻射线卷轴","consumable","scroll","headless","委托法术链路","ray-of-frost:spell-attack","1","0"
"srd-5.1:spell-scroll:shocking-grasp","电爪卷轴","consumable","scroll","headless","委托法术链路","shocking-grasp:spell-attack","1","0"
"srd-5.1:spell-scroll:chill-touch","冻寒之触卷轴","consumable","scroll","headless","委托法术链路","chill-touch:spell-attack","1","0"
"srd-5.1:spell-scroll:eldritch-blast","魔能爆卷轴","consumable","scroll","headless","委托法术链路","eldritch-blast:spell-attack","1","0"
"srd-5.1:spell-scroll:produce-flame","燃火术卷轴","consumable","scroll","headless","委托法术链路","produce-flame:active-effect","1","0"
"srd-5.1:spell-scroll:poison-spray","毒气喷溅卷轴","consumable","scroll","headless","委托法术链路","poison-spray:saving-throw","1","0"
"srd-5.1:spell-scroll:sacred-flame","圣火术卷轴","consumable","scroll","headless","委托法术链路","sacred-flame:saving-throw","1","0"
"srd-5.1:spell-scroll:vicious-mockery","恶言相加卷轴","consumable","scroll","headless","委托法术链路","vicious-mockery:saving-throw","1","0"
"srd-5.1:spell-scroll:cure-wounds","疗伤术卷轴","consumable","scroll","headless","委托法术链路","cure-wounds:healing","1","0"
"srd-5.1:spell-scroll:healing-word","治愈真言卷轴","consumable","scroll","headless","委托法术链路","healing-word:healing","1","0"
"srd-5.1:spell-scroll:bane","灾祸术卷轴","consumable","scroll","headless","委托法术链路","bane:attack-save-debuff","1","0"
"srd-5.1:spell-scroll:bless","祝福术卷轴","consumable","scroll","headless","委托法术链路","bless:attack-save-buff","1","0"
"srd-5.1:spell-scroll:shield-of-faith","虔诚护盾卷轴","consumable","scroll","headless","委托法术链路","shield-of-faith:armor-class-buff","1","0"
"srd-5.1:spell-scroll:divine-favor","神恩卷轴","consumable","scroll","headless","委托法术链路","divine-favor:active-effect","1","0"
"srd-5.1:spell-scroll:inflict-wounds","致伤术卷轴","consumable","scroll","headless","委托法术链路","inflict-wounds:spell-attack","1","0"
"srd-5.1:spell-scroll:magic-missile","魔法飞弹卷轴","consumable","scroll","headless","委托法术链路","magic-missile:automatic-damage","1","0"
"srd-5.1:spell-scroll:scorching-ray","灼热射线卷轴","consumable","scroll","headless","委托法术链路","scorching-ray:spell-attack","1","0"
"srd-5.1:spell-scroll:shield","护盾术卷轴","consumable","scroll","headless","委托法术链路","shield:armor-class-buff","1","0"
"srd-5.1:spell-scroll:burning-hands","燃烧之手卷轴","consumable","scroll","headless","委托法术链路","burning-hands:saving-throw","1","0"
"srd-5.1:spell-scroll:thunderwave","雷鸣波卷轴","consumable","scroll","headless","委托法术链路","thunderwave:saving-throw","1","0"
"srd-5.1:spell-scroll:shatter","粉碎音波卷轴","consumable","scroll","headless","委托法术链路","shatter:saving-throw","1","0"
"srd-5.1:spell-scroll:fireball","火球术卷轴","consumable","scroll","headless","委托法术链路","fireball:saving-throw","1","0"
"srd-5.1:spell-scroll:lightning-bolt","闪电束卷轴","consumable","scroll","headless","委托法术链路","lightning-bolt:saving-throw","1","0"
"srd-5.1:spell-scroll:circle-of-death","死亡法阵卷轴","consumable","scroll","headless","委托法术链路","circle-of-death:saving-throw","1","0"
"srd-5.1:spell-scroll:blight","枯萎术卷轴","consumable","scroll","headless","委托法术链路","blight:saving-throw","1","0"
"srd-5.1:spell-scroll:ice-storm","冰风暴卷轴","consumable","scroll","headless","委托法术链路","ice-storm:saving-throw","1","0"
"srd-5.1:spell-scroll:cone-of-cold","寒冰锥卷轴","consumable","scroll","headless","委托法术链路","cone-of-cold:saving-throw","1","0"
"srd-5.1:spell-scroll:chain-lightning","连锁闪电卷轴","consumable","scroll","headless","委托法术链路","chain-lightning:saving-throw","1","0"
"srd-5.1:spell-scroll:disintegrate","解离术卷轴","consumable","scroll","headless","委托法术链路","disintegrate:saving-throw","1","0"
"srd-5.1:spell-scroll:freezing-sphere","冰封法球卷轴","consumable","scroll","headless","委托法术链路","freezing-sphere:saving-throw","1","0"
"srd-5.1:spell-scroll:finger-of-death","死亡一指卷轴","consumable","scroll","headless","委托法术链路","finger-of-death:saving-throw","1","0"
"srd-5.1:spell-scroll:sunburst","阳炎爆卷轴","consumable","scroll","headless","委托法术链路","sunburst:saving-throw","1","0"
"srd-5.1:spell-scroll:meteor-swarm","流星爆卷轴","consumable","scroll","headless","委托法术链路","meteor-swarm:saving-throw","1","0"
"srd-5.1:spell-scroll:power-word-kill","律令死亡卷轴","consumable","scroll","headless","委托法术链路","power-word-kill:power-word-kill","1","0"
"srd-5.1:magic-item:dragon-slayer-longsword","屠龙长剑","equipment","weapon","headless","装备或被动数值","","0","0"
"srd-5.1:magic-item:dragon-slayer-rapier","屠龙刺剑","equipment","weapon","headless","装备或被动数值","","0","0"
"srd-5.1:magic-item:dragon-slayer-scimitar","屠龙弯刀","equipment","weapon","headless","装备或被动数值","","0","0"
"srd-5.1:magic-item:dragon-slayer-shortsword","屠龙短剑","equipment","weapon","headless","装备或被动数值","","0","0"
"srd-5.1:magic-item:dragon-slayer-greatsword","屠龙巨剑","equipment","weapon","headless","装备或被动数值","","0","0"
